index,x,y,z,xn,yn,zn,error
0,21.305247,-2.691924,19.066988,0.849254,-0.242725,0.468884,58.971592
16,-4.960455,14.132666,39.574794,0.847222,-0.485075,-0.216604,19.109968
17,-4.830457,14.161277,39.430081,0.847222,-0.485075,-0.216604,0.200852
20,16.408217,18.835655,15.787178,-0.881855,-0.199549,0.427213,1.911098
21,16.209816,19.026803,15.854896,-0.881855,-0.199549,0.427213,12.081469
22,16.888993,18.758797,15.207627,-0.753965,-0.554741,-0.351851,48.446248
23,16.606954,19.108152,15.379462,-0.881855,-0.199549,0.427213,64.199738
24,16.052237,20.238683,15.005424,-0.910741,-0.245822,0.331848,54.752289
25,15.833684,20.771644,14.799756,-0.911654,-0.248471,0.327337,36.264561
26,15.399037,21.523563,14.580542,-0.902184,-0.248433,0.352625,46.817556
27,-4.386836,20.149737,8.019730,-0.944548,0.225662,-0.238550,88.111080
28,14.554153,23.131605,13.936627,-0.676775,-0.545192,-0.494713,103.930450
29,14.002180,23.916309,13.665645,-0.668713,-0.543705,-0.507156,36.340981
30,13.485817,24.662611,13.367454,-0.647850,-0.551325,-0.525672,41.121994
31,13.034757,25.498252,13.065512,-0.491659,-0.543437,-0.680402,48.253555
32,12.464236,26.360634,13.207291,0.425462,0.534011,0.730627,78.303385
33,12.053334,27.105977,12.553886,-0.372941,-0.522315,-0.766878,24.359449
34,11.406781,27.909360,12.368745,0.332243,0.512037,0.792107,32.399286
35,11.215336,28.742485,11.785306,-0.305422,-0.504758,-0.807426,40.014791
36,10.893534,29.666719,11.516385,-0.355167,-0.540689,-0.762569,34.547118
37,10.517293,30.463098,11.166841,-0.405611,-0.561633,-0.721144,43.040232
38,10.199971,31.345786,10.842202,-0.443558,-0.591848,-0.673032,28.802844
39,9.804215,32.200743,10.501424,-0.458061,-0.580721,-0.673011,41.436557
40,9.441398,33.070206,10.120005,-0.488379,-0.547168,-0.679774,36.493745
41,9.096566,33.922975,9.765002,-0.500629,-0.535025,-0.680529,47.165115
42,8.738784,34.763168,9.414734,0.540199,0.523692,0.658735,41.485531
43,8.357522,35.595527,9.043923,0.520605,0.528300,0.670723,42.668730
44,7.961945,36.373491,8.729153,-0.522992,-0.529059,-0.668264,128.507239
45,7.489656,37.352996,8.255594,-0.570699,-0.559937,-0.600644,45.058297
46,7.103382,38.055883,7.908782,-0.631587,-0.597790,-0.493706,38.693749
47,6.617116,38.870876,7.514663,-0.627383,-0.614668,-0.478094,32.896026
48,6.188812,39.654856,7.108862,-0.642551,-0.631235,-0.434363,32.106862
49,5.744520,40.409711,6.722459,-0.570873,-0.654969,-0.495095,37.513980
50,5.265789,41.162093,6.319887,-0.527558,-0.682880,-0.505329,44.900106
51,4.777450,41.908382,5.929679,0.481808,0.715786,0.505482,37.905374
52,4.180505,42.659838,5.447852,0.454629,0.753178,0.475432,33.732329
53,3.493981,43.380756,5.115165,0.423142,0.792746,0.438754,20.294019
54,2.780518,43.892820,4.853257,0.303630,0.842203,0.445536,40.310683
55,1.874436,44.327218,4.858330,0.216427,0.861533,0.459261,31.100199
56,0.958208,44.594755,4.934241,0.144168,0.859076,0.491125,37.308778
57,0.000000,44.622380,5.075285,0.067527,0.857381,0.510234,32.017772
58,-0.730315,44.371410,4.887491,0.018650,0.900609,0.434230,108.920104
59,-1.733412,44.014282,5.615422,-0.037376,0.834952,0.549052,49.278328
60,-2.243659,43.464099,6.442261,0.109974,-0.781646,-0.613950,28.503941
61,-2.612735,42.809767,7.058109,0.126657,-0.737036,-0.663880,38.822303
62,-2.967806,41.953840,7.750163,0.202028,-0.729244,-0.653749,35.980252
63,-3.361221,41.359802,8.067751,-0.300281,0.680469,0.668426,26.087304
64,-3.351343,40.463919,8.877659,0.343364,-0.647745,-0.680094,45.309723
65,-3.621909,39.698194,9.487918,0.391609,-0.615754,-0.683732,27.840023
66,-3.790443,38.895535,10.045123,0.438590,-0.572021,-0.693131,31.738457
67,-3.951770,38.127633,10.588117,0.430640,-0.564044,-0.704559,42.126700
68,-4.208256,37.428072,11.091327,0.373134,-0.532259,-0.759915,27.763369
69,-4.207937,36.049292,11.828192,0.241085,-0.503731,-0.829538,17.445461
70,-4.438984,35.590244,12.228471,0.236787,-0.508479,-0.827878,21.970631
71,-4.557415,34.777762,12.714765,0.228603,-0.517950,-0.824298,27.522312
72,-4.576039,33.894799,13.188936,0.150144,-0.540220,-0.828021,34.047336
73,-4.690212,33.043018,13.672033,0.066953,-0.559514,-0.826112,34.568765
74,-4.737063,32.172731,14.150137,0.002394,-0.532147,-0.846648,18.590560
75,-4.858935,31.293099,14.547070,0.001218,-0.544944,-0.838472,29.867865
76,-5.007248,30.401605,14.987733,0.001535,-0.521403,-0.853309,27.071925
77,-5.164255,29.574905,15.395074,-0.119593,-0.459641,-0.880016,17.184796
78,-5.137138,28.647780,15.968610,-0.105608,-0.457977,-0.882669,41.104453
79,-5.235753,27.847331,16.433765,-0.100426,-0.467653,-0.878189,29.950723
80,-5.479188,27.064044,16.880120,-0.027813,-0.486670,-0.873143,42.036836
81,-5.850843,26.167232,17.287820,0.130381,-0.518267,-0.845222,37.021870
82,-5.695330,25.469944,17.050416,0.197452,-0.528400,-0.825715,5.070260
83,-6.370540,24.461190,18.099525,0.546958,-0.521859,-0.654599,25.336835
84,-6.126133,23.939673,17.804342,0.596149,-0.515391,-0.615612,32.583586
85,-6.178843,22.979923,18.166961,0.664687,-0.491798,-0.562429,53.628616
86,-6.398072,22.227017,18.565260,0.680850,-0.479803,-0.553383,35.165562
87,-7.785976,21.534381,19.364822,0.697825,-0.469015,-0.541355,19.747212
88,-7.903647,20.769373,19.710733,0.703083,-0.469459,-0.534119,21.112543
89,-8.144865,19.882673,20.182957,0.715020,-0.475987,-0.512038,15.233244
90,-8.298179,19.088978,20.568353,0.730470,-0.478314,-0.487472,21.000768
91,-8.512039,18.393787,20.932106,0.745778,-0.483548,-0.458254,6.003743
92,-7.983906,18.064872,20.831467,0.745778,-0.483548,-0.458254,10.445426
93,-7.972004,17.843311,21.026506,0.735535,-0.503864,-0.452891,9.340872
110,-18.251191,-15.678207,10.473679,-0.706681,-0.609482,0.359353,30.742396
111,-18.859948,-15.028795,10.467939,-0.720424,-0.581427,0.378062,28.708925
112,-19.562284,-14.235702,10.408772,-0.729715,-0.529277,0.432877,40.928616
113,-20.159465,-13.495092,10.394955,-0.738737,-0.527275,0.419820,38.321296
114,-20.708451,-12.710562,10.322636,-0.756860,-0.466995,0.457251,36.255039
115,-21.287597,-11.875282,10.262321,-0.771037,-0.439277,0.461017,27.643210
116,-21.860461,-11.017130,10.172072,-0.782433,-0.416507,0.462947,30.344347
117,-22.280303,-10.154118,10.026824,-0.792111,-0.394758,0.465539,26.003327
118,-22.763048,-9.342407,9.863481,-0.800142,-0.363326,0.477249,33.625701
119,-23.246715,-8.523083,9.700417,-0.809147,-0.343574,0.476694,26.851669
120,-23.718434,-7.630102,9.515169,-0.847059,-0.352862,0.397467,18.390436
121,-24.187121,-6.723280,9.325330,-0.879647,-0.388444,0.274466,29.808633
122,-24.536141,-5.885938,9.077194,-0.921815,-0.344508,0.177683,30.101316
123,-24.916292,-4.940094,8.847739,-0.931300,-0.308889,0.193049,26.940817
124,-25.180454,-4.064049,8.619084,-0.941148,-0.261314,0.214374,20.921488
125,-25.630705,-3.143730,8.319290,-0.942186,-0.255895,0.216342,83.336232
126,-25.826146,-2.232462,8.157721,-0.945863,-0.213812,0.244189,28.374264
127,-26.275019,-1.375400,7.693356,-0.943004,-0.154247,0.294875,54.436058
128,-26.239727,-0.322554,7.418922,-0.946090,-0.119007,0.301248,88.828301
129,-26.913901,0.370135,7.127864,-0.943506,-0.119774,0.308951,34.292921
130,-26.326279,1.379581,7.017720,-0.938123,-0.048232,0.342928,35.099780
131,-26.505107,2.863220,6.794292,-0.922701,-0.030331,0.384322,50.357729
132,-26.467981,3.496844,6.557549,-0.911107,0.010580,0.412034,7.956657
133,-26.504313,4.447982,6.421647,-0.894806,0.045715,0.444108,38.250397
134,-26.437438,5.448616,6.302692,-0.892457,0.065391,0.446368,32.558798
135,-26.227461,6.787910,6.236522,-0.870856,0.116209,0.477604,60.354396
136,-26.052974,7.475847,6.205351,-0.869656,0.129551,0.476356,45.699224
137,-25.827104,8.477110,6.187868,-0.861268,0.146587,0.486548,42.739152
138,-25.635314,9.376709,6.277262,-0.859961,0.168182,0.481853,23.272618
139,-25.386092,10.308196,6.415937,-0.854225,0.179623,0.487889,21.152036
140,-26.259447,11.242642,6.693020,-0.855014,0.196220,0.480051,90.273067
141,-24.659554,12.325002,6.816918,-0.841840,0.223547,0.491256,51.930996
142,-24.314917,13.128177,7.007296,-0.840985,0.233923,0.487877,26.182318
143,-23.977693,13.964940,7.225717,-0.850384,0.268488,0.452506,28.966199
144,-23.632678,14.870234,7.457314,-0.848673,0.288199,0.443504,22.916387
145,-23.256406,15.757531,7.652077,-0.848264,0.310651,0.428887,22.515688
146,-22.835254,16.663622,7.829340,-0.845567,0.320544,0.426929,18.213495
147,-22.442001,17.525525,8.006664,-0.839426,0.350011,0.415761,19.023439
148,-21.992718,18.398050,8.145282,-0.834849,0.360401,0.416098,11.876674
149,-21.546682,19.259052,8.251687,-0.824811,0.387946,0.411320,19.564982
150,-21.089630,20.172015,8.298971,-0.828414,0.397558,0.394559,12.461879
151,-20.640338,21.054739,8.307022,-0.824803,0.417841,0.380932,13.658191
152,-20.224648,21.843293,8.273240,-0.819580,0.431932,0.376461,24.357761
153,-19.661352,22.935961,8.215304,-0.809260,0.460145,0.365193,25.935743
154,-19.255865,23.711779,8.115328,-0.803086,0.467799,0.369074,15.998621
155,-18.794658,24.559813,8.001700,-0.798061,0.487024,0.354833,18.529006
156,-18.301451,25.447211,7.851176,-0.791635,0.505359,0.343405,18.961436
157,-17.832113,26.319014,7.665893,-0.783896,0.523597,0.333696,19.225979
158,-17.382639,27.148640,7.458464,-0.778175,0.534424,0.329901,26.389531
159,-16.905245,27.990389,7.208556,-0.768402,0.550243,0.326790,21.253918
160,-16.431623,28.835308,6.912738,-0.757922,0.568176,0.320515,22.097372
161,-16.003925,29.608403,6.618360,-0.746404,0.586020,0.315375,30.169538
162,-15.443796,30.325642,6.278503,-0.739677,0.595946,0.312612,43.589084
163,-14.948668,31.286568,5.808067,-0.724820,0.614380,0.311727,36.609391
164,-14.487136,31.972595,5.450020,-0.694989,0.639711,0.328268,21.653100
165,-14.032305,32.672298,5.036313,-0.660894,0.665460,0.346962,21.461704
166,-13.480139,33.432620,4.541966,-0.656241,0.669708,0.347619,21.760541
167,-13.132703,33.976315,4.197786,-0.652709,0.673724,0.346508,59.740688
168,-12.501524,34.835608,3.540541,-0.715845,0.669704,0.197641,22.837311
169,-12.037631,35.531839,2.998928,-0.751149,0.641271,0.156678,22.601778
170,-11.585561,36.209433,2.447025,-0.787623,0.606826,0.106825,26.633662
171,-11.112225,36.936406,1.834899,-0.800584,0.595930,0.062710,26.845551
172,-10.511841,37.613380,1.403348,0.811847,-0.579929,-0.067725,25.021297
173,-10.148233,38.169414,0.389845,0.820359,-0.563783,0.095707,37.323281
174,-9.527784,39.050420,0.243520,-0.806886,0.583911,-0.089348,69.789763
175,-9.836997,39.579325,0.464368,-0.806886,0.583911,-0.089348,51.555492
176,-8.355169,40.718312,0.245784,0.766988,-0.637851,0.069817,35.000193
177,-7.991383,41.517718,0.182548,-0.757227,0.652154,-0.036086,49.787220
178,-7.276456,42.278029,0.275094,-0.704363,0.707119,-0.062091,46.077910
179,-6.612997,43.128645,0.545005,-0.664257,0.746983,0.027904,50.028673
180,-6.013543,43.722176,0.930316,-0.583506,0.807275,0.088470,51.325792
181,-5.432558,44.234111,1.646357,-0.550797,0.816608,0.172549,28.603191
182,-4.906702,44.492145,2.389267,-0.509052,0.827172,0.238017,22.898845
183,-4.511630,44.539190,3.243516,-0.501072,0.826835,0.255482,37.356967
184,-4.163879,44.369968,4.130043,-0.453314,0.832778,0.317786,15.858739
185,-3.899184,43.979422,5.048474,-0.415304,0.820880,0.392019,32.698509
186,-3.988447,43.498543,5.799634,-0.396607,0.794955,0.459074,21.893763
187,-4.118597,42.641806,6.626159,-0.411235,0.731565,0.543782,16.888502
188,-4.319656,41.881549,7.192239,-0.391234,0.716537,0.577504,48.641030
189,-4.743782,41.064917,7.493415,0.414872,-0.672015,-0.613414,22.843291
190,-5.297386,40.336377,7.919194,0.472577,-0.616879,-0.629390,38.354147
191,-5.689131,39.557974,8.146775,0.496377,-0.603402,-0.624112,14.584196
192,-6.289875,38.778215,8.335381,0.455628,-0.585830,-0.670228,29.324965
193,-6.890560,38.045441,8.494771,0.449508,-0.567777,-0.689617,27.942165
194,-7.533559,37.355418,8.645780,0.577293,-0.577604,-0.577153,23.910011
195,-8.445854,36.437560,8.862763,0.593718,-0.593577,-0.543291,46.720210
196,-7.583959,35.154069,10.103872,-0.427771,0.537725,0.726542,75.567748
197,-7.282835,34.491915,10.148327,-0.399247,0.513746,0.759386,44.314353
198,-10.284787,34.399621,9.335511,-0.573632,0.663913,0.479756,27.869446
199,-10.891756,33.694013,9.525929,-0.566391,0.678559,0.467717,26.476759
200,-11.546779,32.936772,9.722962,-0.580471,0.668411,0.465059,26.991644
201,-12.151351,32.193434,9.981279,-0.620958,0.655157,0.430326,31.200901
202,-12.705522,31.535687,10.250774,-0.667182,0.642155,0.377500,28.771051
203,-13.406335,30.785183,10.378662,0.673487,-0.630024,-0.386632,89.968271
204,-13.865558,29.845561,10.897634,-0.679826,0.617702,0.395323,24.167470
205,-14.330193,29.072853,11.202887,-0.741851,0.571098,0.351433,24.897244
206,-14.778167,28.291318,11.527257,-0.745462,0.555353,0.368606,22.990378
207,-15.207061,27.452509,11.888610,-0.756270,0.535379,0.376064,22.124080
208,-15.594830,26.621277,12.234829,-0.766097,0.513970,0.385916,20.186681
209,-15.965283,25.747734,12.607043,-0.774945,0.492061,0.396656,19.634189
210,-16.303676,24.881863,12.972688,-0.780633,0.476403,0.404541,22.884818
211,-16.590635,24.019638,13.348965,-0.787911,0.454392,0.415601,19.921020
212,-16.864931,23.213277,13.726154,-0.792642,0.427569,0.434631,32.289367
213,-17.216885,22.656907,13.859167,0.793413,-0.422581,-0.438089,33.775456
214,-17.305952,21.344607,14.633520,-0.798778,0.391512,0.456807,31.731944
215,-17.408028,20.550903,15.034390,-0.804440,0.376432,0.459538,31.136069
216,-17.455963,19.634132,15.452389,-0.810204,0.355221,0.466248,27.038090
217,-17.515785,18.757923,15.913715,-0.810724,0.342902,0.474494,22.781144
218,-17.582980,17.906147,16.404852,-0.747947,0.360787,0.557143,21.947624
219,-17.574974,17.003736,16.894439,-0.642984,0.420017,0.640436,29.206812
220,-17.591455,16.183196,17.376389,-0.579170,0.436975,0.688197,26.786491
221,-17.564232,15.307934,17.876093,-0.569683,0.419191,0.706924,30.354790
222,-17.532970,14.455053,18.360942,-0.471081,0.387595,0.792372,32.528312
223,-17.477953,13.594141,18.826405,-0.515974,0.389038,0.763165,25.690341
224,-17.535070,12.837880,19.232323,-0.673069,0.335347,0.659181,56.930769
225,-17.345782,11.657466,19.790882,-0.843694,0.158230,0.512976,40.931237
226,-17.293889,10.847439,20.074056,-0.839750,0.143715,0.523608,23.411699
227,-17.272164,9.903323,20.381127,-0.843626,0.126489,0.521819,31.256857
228,-17.333712,8.948255,20.627013,-0.833450,0.087147,0.545680,36.832901
229,-17.309080,7.982863,20.776694,-0.830857,0.075631,0.551322,25.375397
230,-17.535387,6.827509,21.452580,-0.821629,0.048112,0.567988,65.386422
231,-17.338715,5.955473,21.123428,-0.801287,0.029295,0.597563,76.414179
232,-17.787910,4.764938,22.576476,-0.781262,-0.024098,0.623738,52.932170
233,-16.760071,3.996428,21.472373,-0.773337,-0.045255,0.632378,98.940890
234,-17.692497,3.348507,20.789051,-0.758076,-0.037267,0.651101,44.623919
235,-17.828949,1.970667,20.474996,-0.725742,-0.089635,0.682102,39.296035
236,-17.790035,1.131214,20.255550,-0.709323,-0.094515,0.698519,49.521654
237,-18.018480,0.184028,20.159495,-0.698594,-0.122806,0.704901,82.784900
238,-18.201980,-0.897873,20.206471,0.678043,0.156168,-0.718241,38.230551
239,-18.228854,-1.783266,19.806563,0.658760,0.191738,-0.727511,39.093747
240,-18.507054,-2.853024,19.879122,0.645883,0.215724,-0.732324,43.354249
241,-18.239337,-3.685302,19.008470,-0.637310,-0.243778,0.731032,46.595434
242,-18.283679,-4.594996,18.702124,-0.640846,-0.263034,0.721200,42.319492
243,-18.479542,-5.488928,18.376570,-0.640015,-0.276917,0.716727,50.148929
244,-18.478828,-6.422721,18.071923,-0.700080,-0.313518,0.641556,46.316650
245,-18.496168,-7.406824,17.729105,-0.786645,-0.271318,0.554596,86.028560
246,-18.407050,-8.251653,17.287094,-0.768070,-0.321532,0.553792,53.544621
247,-18.300187,-9.133365,16.809187,-0.754424,-0.353793,0.552879,56.466244
248,-18.241656,-9.987518,16.364477,-0.750188,-0.369294,0.548488,44.380490
249,-18.104571,-10.899385,15.914960,-0.732210,-0.402795,0.549204,36.582388
250,-17.951857,-11.745852,15.398276,0.721418,0.424305,-0.547286,35.297132
251,-17.806770,-12.584655,14.926010,0.708315,0.452532,-0.541761,33.498146
252,-17.586392,-13.434285,14.409690,0.700412,0.495765,-0.513458,33.060485
253,-17.422328,-14.199793,13.921817,0.697347,0.523628,-0.489409,26.196727
254,-17.153493,-15.046275,13.393334,-0.696728,-0.551676,0.458502,30.678041
255,-16.920986,-15.872827,12.932865,-0.688426,-0.582583,0.432048,28.908524
256,-16.542325,-16.672408,12.367019,-0.685986,-0.634666,0.355840,41.196155
257,-16.728830,-17.533751,11.203968,0.706855,0.655923,-0.264805,49.238331
258,-15.835931,-18.035891,11.512351,0.710794,0.668324,-0.219352,127.244175
259,-15.109458,-18.828888,11.266784,-0.686713,-0.703719,0.182220,107.831707
260,-14.647630,-19.236286,10.384511,-0.685746,-0.720933,0.100039,49.468536
261,-13.794006,-19.731079,9.862798,-0.633546,-0.761577,0.136451,0.353165
262,-13.907564,-20.286566,8.575931,0.534046,0.809434,-0.244156,41.008883
263,-13.453901,-20.721058,7.936926,0.505326,0.826893,-0.246768,39.921135
264,-13.163859,-21.197701,6.942638,0.457977,0.858309,-0.231436,11.573129
265,-12.385724,-21.176113,6.117395,0.450222,0.855943,-0.254287,37.175641
266,-11.738977,-21.263727,5.535598,0.454399,0.857380,-0.241704,21.243037
267,-11.433606,-21.444277,4.436938,0.457787,0.855421,-0.242253,28.002387
268,-11.013419,-21.516720,3.686730,0.460117,0.843008,-0.278621,21.537680
269,-10.191654,-21.926433,3.510439,0.444361,0.851253,-0.279126,14.697161
270,-9.420390,-22.578637,3.803614,0.422624,0.861808,-0.280492,28.245220
271,-8.730827,-23.133716,4.020943,0.410724,0.864896,-0.288548,36.544221
272,-8.188132,-24.038515,3.907059,0.404360,0.867190,-0.290644,23.443300
273,-7.284666,-24.587271,3.500805,-0.429259,-0.843193,0.323671,4.981853
274,-7.168520,-25.829359,4.255567,-0.435180,-0.848216,0.301908,2.144881
275,-1.550908,-28.935240,2.250031,-0.049893,-0.980747,0.188800,49.196346
276,-4.670161,-28.989939,-5.625862,0.248467,-0.966707,0.061171,88.057658
277,2.825838,-26.482053,3.431048,0.328341,-0.943886,-0.035660,18.838779
278,-0.823405,-27.829768,0.524541,-0.062153,0.997890,-0.018769,44.157819
280,2.403524,-26.411870,3.402531,0.204329,-0.973328,-0.104315,14.750880
281,2.396422,-26.351107,3.071785,0.204329,-0.973328,-0.104315,2.400451
284,-1.329137,-27.160698,1.199465,0.031659,-0.992630,0.116974,20.757369
285,-2.806112,-27.112359,0.480740,-0.111123,-0.993756,0.010002,27.983239
286,-3.115041,-27.026978,1.031598,-0.214673,-0.970119,0.113065,16.317932
287,-3.890494,-26.890653,0.961658,-0.243649,-0.955400,0.166869,2.280605
288,-4.815276,-26.738601,0.952321,-0.284596,-0.925157,0.251177,2.253700
289,-6.407600,-26.322443,1.381400,-0.365778,-0.878489,0.307350,35.170901
290,-6.632093,-26.446461,0.588676,-0.373845,-0.895585,0.241181,60.618270
291,-7.876948,-26.035274,0.890286,-0.362201,-0.850999,0.380277,25.542020
292,-8.705332,-25.727066,0.782292,-0.371815,-0.843607,0.387402,32.985692
293,-9.612622,-25.453157,0.676237,-0.386777,-0.837358,0.386309,40.870279
294,-10.664904,-25.257564,1.064732,-0.416286,-0.826970,0.377925,65.449236
295,-12.064981,-24.271290,0.980283,-0.467980,-0.813313,0.345712,16.497900
296,-12.620906,-23.889338,0.735789,-0.510847,-0.786171,0.347808,6.927047
297,-13.494780,-23.500270,0.786345,-0.527654,-0.775408,0.346877,40.097142
298,-13.962763,-22.980320,0.414552,-0.542760,-0.762499,0.352148,39.578513
299,-14.815085,-22.507517,0.834918,-0.561780,-0.740392,0.369084,32.876242
300,-15.590523,-21.794171,0.569737,-0.585677,-0.709610,0.391709,74.451127
301,-16.271584,-21.205316,0.463525,-0.638940,-0.655184,0.403101,80.395501
302,-17.357205,-20.444844,0.384276,-0.692556,-0.579865,0.429095,41.945386
303,-17.647828,-19.860088,-0.194056,-0.711990,-0.566599,0.414772,32.645317
304,-18.338128,-19.094088,-0.131784,-0.767543,-0.566507,0.299913,15.550022
305,-19.034173,-18.206628,0.030993,-0.802507,-0.541989,0.249460,62.196219
306,-19.620611,-17.374214,-0.027293,-0.815333,-0.533014,0.226116,55.474951
307,-20.159853,-16.595260,-0.135132,-0.840475,-0.506818,0.191672,51.498375
308,-20.699464,-15.737898,-0.159634,-0.857044,-0.486748,0.168973,43.190254
309,-21.184569,-14.890848,-0.197624,-0.871339,-0.475712,0.120279,33.307064
310,-21.597222,-14.114254,-0.346231,-0.885208,-0.458951,0.075971,10.315304
311,-22.092378,-13.239631,-0.267826,-0.882288,-0.469884,-0.027879,34.898407
312,-22.587394,-12.352143,-0.315441,-0.887484,-0.459577,-0.034086,26.782219
313,-23.017012,-11.477819,-0.322469,-0.892448,-0.447932,-0.053785,19.341689
314,-23.370139,-10.703245,-0.355941,-0.897481,-0.432894,-0.084441,35.138023
315,-23.913622,-9.602108,-0.264699,-0.897212,-0.428401,-0.107159,23.426653
316,-24.326280,-8.733281,-0.224638,-0.898445,-0.422847,-0.118306,20.531647
317,-24.815591,-7.844336,-0.132982,-0.901318,-0.412712,-0.131506,47.982359
318,-25.204659,-6.991261,-0.127033,-0.903524,-0.402951,-0.145861,32.393641
319,-25.641360,-6.067203,-0.033353,-0.905077,-0.398131,-0.149421,20.411280
320,-26.111423,-5.145604,0.044377,-0.906989,-0.388170,-0.163387,29.764774
321,-26.573717,-4.316882,0.033750,-0.908110,-0.380306,-0.175226,28.503377
322,-26.954272,-3.385739,0.102076,-0.930177,-0.355859,-0.090191,17.531512
323,-27.305769,-2.481854,0.203041,-0.941156,-0.336791,-0.028246,23.117196
324,-27.703629,-1.511702,0.324884,-0.939833,-0.341630,0.001541,12.694016
325,-28.082566,-0.616354,0.365900,-0.936292,-0.349571,0.034010,16.081261
326,-28.456647,0.291060,0.399479,-0.941504,-0.334110,0.044047,5.624824
327,-28.843766,1.132176,0.505245,-0.947649,-0.314795,0.053528,49.467716
328,-29.138891,2.046937,0.487741,-0.952010,-0.301062,0.055130,43.731279
329,-29.428701,2.787628,0.478863,-0.962162,-0.263772,0.068322,49.089992
330,-28.488086,4.155594,1.121244,-0.970693,-0.102198,0.217512,44.459546
331,-30.112545,4.755444,0.310265,-0.969407,-0.191476,0.153578,19.013578
332,-30.085187,5.628911,-0.008702,-0.970031,-0.161232,0.181782,44.423268
333,-30.435221,6.420153,-0.723891,-0.966355,-0.195309,0.167366,73.775932
334,-30.492509,7.108196,-1.144602,-0.969694,-0.153700,0.189921,62.041176
335,-30.430344,7.615839,-1.910304,-0.997008,-0.073232,0.024760,32.889257
336,-30.327572,7.864692,-2.794006,-0.892845,-0.289221,-0.345223,31.880584
337,-30.050255,7.799162,-3.699965,-0.892845,-0.289221,-0.345223,29.858306
338,-29.718631,7.464376,-4.479779,-0.894632,-0.227217,-0.384716,37.498631
339,-29.324976,6.899614,-5.034346,-0.896683,-0.211096,-0.389098,53.618533
340,-28.452434,6.177897,-5.551360,-0.892674,-0.274746,-0.357278,32.903270
341,-28.174089,5.292336,-5.690235,-0.892674,-0.274746,-0.357278,3.890080
342,-27.983175,4.501714,-5.888677,-0.888551,-0.254464,-0.381739,24.969333
343,-27.877113,4.012823,-6.027919,-0.893442,-0.301167,-0.333255,22.529344
344,-27.557998,2.502190,-5.672683,-0.886487,-0.311250,-0.342440,25.697374
345,-27.363296,1.626890,-5.629316,-0.890297,-0.307583,-0.335803,32.016216
346,-27.115863,0.689550,-5.495462,-0.897881,-0.289050,-0.332054,29.453033
347,-26.787312,-0.218414,-5.381968,-0.900089,-0.283814,-0.330590,44.148113
348,-26.523772,-1.162641,-5.257092,-0.899600,-0.290055,-0.326479,48.284691
349,-26.285169,-2.094783,-5.080440,-0.899315,-0.308957,-0.309481,35.121596
350,-25.956591,-3.047543,-4.937778,-0.895742,-0.338327,-0.288411,43.198268
351,-25.703937,-3.985474,-4.714375,-0.895227,-0.356166,-0.267795,33.802691
352,-25.382674,-4.895362,-4.565929,-0.900616,-0.364395,-0.236868,30.461343
353,-25.114304,-5.840632,-4.365026,-0.909270,-0.375179,-0.180194,34.953132
354,-24.707351,-6.806614,-4.119732,-0.905658,-0.393076,-0.158981,25.370260
355,-24.367229,-7.695650,-4.028431,-0.902809,-0.404194,-0.146842,20.828024
356,-24.022426,-8.588371,-3.849730,-0.900033,-0.414853,-0.133558,32.830053
357,-23.706586,-9.415727,-3.740931,-0.903437,-0.412498,-0.116822,49.579886
358,-23.311122,-10.554239,-3.621108,-0.899865,-0.426562,-0.091034,38.102228
359,-22.853749,-11.352578,-3.514556,-0.896556,-0.436742,-0.073776,9.555204
360,-22.411164,-12.191653,-3.382887,-0.894542,-0.442353,-0.064175,31.691497
361,-22.019156,-13.084519,-3.246546,-0.905143,-0.424395,0.024599,28.540489
362,-21.593013,-13.917388,-3.128066,-0.892813,-0.440884,0.092230,33.452122
363,-21.096261,-14.757224,-3.068130,-0.881016,-0.463079,0.096790,39.569558
364,-20.638361,-15.610447,-2.958301,-0.870970,-0.478892,0.109884,51.793788
365,-20.026308,-16.424553,-2.975716,-0.848800,-0.506819,0.150574,14.579086
366,-20.917566,-16.640132,-3.221261,-0.854809,-0.502720,0.128742,5.896882
367,-17.543501,-22.656601,-9.636746,-0.874137,-0.397673,-0.278819,1264.959267
368,-15.807608,-20.198636,-11.499597,-0.825363,-0.414554,-0.383303,23.727049
369,-17.742438,-19.849473,-1.850674,-0.744526,-0.582683,0.325823,29.698197
370,-17.029819,-20.470961,-2.242058,-0.748893,-0.605803,0.268630,32.586078
371,-17.411682,-20.638422,-3.513291,-0.750045,-0.650089,0.121722,112.154173
372,-15.649923,-21.682602,-2.311091,-0.645227,-0.662418,0.380637,11.149386
373,-17.043146,-21.473858,-4.299476,-0.726969,-0.680937,0.088545,135.248813
374,-18.065620,-21.269153,-4.222537,-0.746753,-0.659929,0.082786,116.515610
375,-19.088094,-21.064447,-4.145598,-0.780969,-0.618303,0.088250,97.782406
376,-20.110568,-20.859742,-4.068659,-0.743324,-0.628941,0.227821,79.049203
377,-5.981208,-25.016170,-13.689271,0.455109,-0.629568,-0.629698,821.004737
378,-5.499058,-25.399721,-13.396388,0.471150,-0.637694,-0.609396,974.929036
379,-4.968192,-26.810387,-11.872976,0.428194,-0.706318,-0.563706,964.661426
380,-4.390305,-27.398989,-10.957338,0.438021,-0.737651,-0.513817,949.813061
381,-16.887318,-21.835855,-11.988060,-0.741899,-0.529743,-0.411045,42.495799
382,-15.737362,-22.256282,-11.672422,-0.682677,-0.586831,-0.435410,29.168076
383,-5.965740,-26.617333,-0.584963,-0.290585,-0.948461,0.126418,47.197952
384,-5.046281,-26.897260,-0.547055,-0.258372,-0.960326,0.104969,47.628584
385,-4.639286,-27.414401,0.367444,-0.271733,-0.957805,0.093649,47.795398
386,-4.331657,-27.482182,0.239243,-0.238301,-0.970955,0.021423,48.693984
387,-10.174691,-32.061505,-7.275162,-0.243945,-0.969684,0.014271,320.204679
388,0.116102,-26.280654,4.042037,0.068712,-0.970906,0.229389,88.609288
389,-2.113695,-28.008270,-0.421651,0.081048,0.994746,0.062547,7.637362
390,-2.167967,-28.969243,-0.808789,-0.110209,-0.988759,-0.101040,28.713226
391,-14.541521,-17.560437,-12.354476,0.816250,0.398815,0.417950,35.863888
392,-15.225124,-16.893780,-12.496056,0.796333,0.401781,0.452134,29.650992
393,-16.031950,-15.927485,-13.466755,0.758149,0.390292,0.522381,77.060298
394,-16.776976,-15.356993,-12.952883,0.780478,0.371018,0.503189,42.403430
395,-17.361744,-14.579616,-12.896166,0.735990,0.359944,0.573375,33.797990
396,-17.968226,-13.808989,-12.867600,0.735990,0.359944,0.573375,32.846042
397,-18.580525,-13.002563,-12.851885,0.742151,0.374384,0.555922,37.244295
398,-19.128687,-12.223040,-12.750145,0.742281,0.413154,0.527563,40.591992
399,-19.671263,-11.328334,-12.731817,0.751858,0.411265,0.515335,50.650272
400,-20.170043,-10.447941,-12.753996,0.722399,0.393738,0.568428,45.087739
401,-20.678611,-9.689404,-12.464971,0.782734,0.420021,0.459250,35.636954
402,-21.166317,-8.782523,-12.434954,0.813506,0.399179,0.422923,38.589261
403,-21.614407,-7.816803,-12.400350,0.837304,0.377971,0.395043,37.426478
404,-21.965857,-6.921109,-12.347375,0.875873,0.335519,0.346805,47.136897
405,-22.353156,-6.058892,-12.128768,0.881002,0.325683,0.343170,27.034474
406,-22.785437,-5.107176,-12.084688,0.890798,0.288309,0.351221,32.158376
407,-23.014455,-4.165461,-12.015362,0.891308,0.287838,0.350314,44.270923
408,-22.999937,-3.191985,-11.610503,0.893064,0.271401,0.358856,46.417967
409,-23.753027,-2.223466,-12.105646,-0.892127,-0.264046,-0.366590,40.661695
410,-23.699234,-1.246281,-11.653098,-0.891158,-0.272266,-0.362916,23.561333
411,-24.464663,-0.519403,-11.387201,0.891721,0.283596,0.352715,53.662436
412,-24.099762,0.691046,-11.181406,-0.891950,-0.259516,-0.370238,14.235161
413,-24.755141,1.508913,-11.269417,0.883527,0.179279,0.432712,64.550340
414,-24.356299,2.398499,-10.963059,0.874216,0.173465,0.453494,39.352855
415,-24.394143,3.399157,-8.786993,-0.854484,-0.129157,-0.503166,12.099700
416,-26.536339,4.313498,-10.907918,0.828070,0.074287,0.555681,44.935075
417,-25.802973,5.479524,-10.578441,0.805256,0.022242,0.592509,82.062064
418,-27.665985,6.615805,-10.616091,0.796933,-0.035965,0.602996,49.726669
419,-27.924149,7.621105,-10.749439,0.790748,-0.064775,0.608705,62.411381
420,-25.877203,8.615478,-10.268964,0.779779,-0.106217,0.616979,75.811927
421,-25.319777,9.540726,-9.882216,0.769695,-0.160966,0.617786,61.238702
422,-23.717638,10.360301,-10.522562,-0.749036,0.188651,-0.635103,32.197904
423,-23.148565,11.605137,-10.710781,0.729293,-0.207837,0.651871,63.206946
424,-22.805717,12.345264,-10.846065,0.748309,-0.245473,0.616260,40.598961
425,-22.423207,13.168979,-11.029623,0.737839,-0.265890,0.620400,30.864034
426,-22.013173,14.023591,-11.185722,0.702295,-0.299689,0.645731,24.063806
427,-21.582941,14.907375,-11.328554,-0.694146,0.348651,-0.629765,19.170262
428,-21.145044,15.799571,-11.434041,-0.694826,0.356888,-0.624378,17.083373
429,-20.720719,16.696402,-11.519549,-0.704755,0.340112,-0.622611,25.125175
430,-20.275356,17.598245,-11.584474,-0.705452,0.347038,-0.617982,25.099042
431,-19.842735,18.460429,-11.615956,-0.702380,0.351450,-0.618988,21.478542
432,-19.405164,19.365898,-11.649139,-0.695164,0.370513,-0.616009,18.372320
433,-18.952355,20.280668,-11.658293,-0.690917,0.385755,-0.611414,18.841707
434,-18.527604,21.164137,-11.613541,-0.683032,0.405735,-0.607328,19.744416
435,-18.092722,22.012678,-11.533426,-0.673074,0.416631,-0.611057,18.687957
436,-17.648679,22.898741,-11.414925,-0.652123,0.448373,-0.611308,40.701638
437,-17.102166,23.931810,-11.255329,-0.642274,0.469652,-0.605731,30.997347
438,-16.717521,24.686877,-11.086341,-0.632180,0.488830,-0.601161,20.407198
439,-16.276850,25.554133,-10.862165,-0.624112,0.502602,-0.598227,15.648646
440,-15.830479,26.399514,-10.594560,-0.613239,0.522720,-0.592201,15.910874
441,-15.384292,27.253503,-10.262397,-0.602946,0.541868,-0.585522,22.863742
442,-14.949840,28.069184,-9.907996,-0.593571,0.560042,-0.577950,16.831283
443,-14.523254,28.878807,-9.513639,-0.585401,0.577080,-0.569460,20.053684
444,-14.144824,29.621543,-9.109399,-0.577694,0.593701,-0.560168,32.661882
445,-13.675716,30.568512,-8.505892,-0.571651,0.611280,-0.547313,40.851437
446,-13.315532,31.315217,-8.054529,-0.566825,0.624799,-0.536968,24.244949
447,-12.980710,32.009876,-7.598254,-0.561943,0.632781,-0.532737,20.466606
448,-12.569309,32.759163,-7.052020,-0.557796,0.643121,-0.524651,16.679891
449,-12.179319,33.489699,-6.480430,-0.563320,0.663951,-0.491772,17.129918
450,-11.801571,34.199414,-5.922716,-0.571306,0.684015,-0.453577,27.938815
451,-11.392860,34.964413,-5.298049,-0.599054,0.691145,-0.404293,27.969045
452,-11.030816,35.630327,-4.740153,-0.611379,0.679989,-0.404761,34.534668
453,-10.475382,36.553219,-3.817496,-0.688600,0.632369,-0.354881,36.266106
454,-10.243764,37.079460,-3.493699,-0.739540,0.596618,-0.311652,31.783845
455,-9.910646,37.732609,-3.021646,-0.762896,0.589065,-0.266442,49.517946
456,-9.444671,38.527256,-2.451125,0.782223,-0.588348,0.204874,15.161766
457,-9.069318,39.289776,-2.094875,0.764170,-0.602042,0.231496,28.130277
458,-8.484139,40.121205,-1.349152,-0.777757,0.611188,-0.146772,143.845399
459,-8.108233,40.904660,-1.156533,-0.736611,0.645070,-0.203197,42.162205
460,-7.601250,41.634661,-1.067069,-0.712133,0.653710,-0.255989,23.250145
461,-6.796653,42.562058,-1.026321,-0.671801,0.712388,-0.202948,16.213698
462,-6.203466,43.234004,-1.007392,-0.619390,0.745334,-0.246645,23.459927
463,-5.395613,43.871436,-1.154522,-0.530827,0.805589,-0.263153,50.316474
464,-4.694547,44.363323,-1.848514,-0.491643,0.806878,-0.327467,19.647359
465,-4.018872,44.552115,-2.489800,-0.468096,0.811553,-0.349669,24.141206
466,-3.447890,44.452056,-3.185499,-0.390658,0.840558,-0.375298,49.832176
467,-3.094487,44.024375,-4.274919,-0.393144,0.809546,-0.435974,33.581117
468,-2.956300,43.410633,-4.960684,-0.364292,0.771452,-0.521683,47.825992
469,-3.013310,42.847738,-5.586002,-0.325155,0.740757,-0.587838,32.450336
470,-3.190658,41.861113,-6.437563,-0.334399,0.698304,-0.632890,44.362652
471,-3.319914,41.152710,-6.953521,-0.358760,0.666318,-0.653691,51.906226
472,-4.026837,40.286998,-7.496062,0.235607,-0.626782,0.742721,63.577865
473,-3.832954,39.579032,-7.929647,0.204857,-0.598057,0.774830,41.969773
474,-4.174964,38.826545,-8.408150,0.196402,-0.582203,0.788965,45.435152
475,-4.559332,37.949749,-8.937426,0.185560,-0.554813,0.811018,22.477235
476,-5.030907,37.185210,-9.245628,0.392354,-0.562280,0.727942,39.525545
477,-5.731219,36.387346,-9.507895,-0.435864,0.599396,-0.671377,40.190534
478,-6.249217,35.594790,-9.986922,-0.427255,0.610711,-0.666698,40.984829
479,-6.788677,34.918723,-10.250905,-0.426477,0.634377,-0.644735,29.183473
480,-7.377090,34.192718,-10.547592,-0.444488,0.636985,-0.629825,21.865592
481,-7.983975,33.482324,-10.850239,-0.504704,0.650793,-0.567223,22.702675
482,-8.599068,32.722653,-11.093119,-0.552718,0.630338,-0.545139,22.626311
483,-9.190806,31.975686,-11.371444,-0.549083,0.619181,-0.561358,22.055812
484,-9.741916,31.233907,-11.639549,-0.549527,0.612741,-0.567952,34.310860
485,-10.448830,30.186558,-12.084148,-0.550283,0.600124,-0.580551,40.701850
486,-10.797001,29.567535,-12.337286,-0.552487,0.586439,-0.592324,23.093181
487,-11.223236,28.796846,-12.698777,-0.555548,0.572207,-0.603280,21.848121
488,-11.642690,27.963420,-13.075450,-0.561296,0.556584,-0.612504,21.336596
489,-12.027940,27.128034,-13.465242,-0.568862,0.540093,-0.620238,22.756910
490,-12.367440,26.285081,-13.873883,-0.577723,0.524245,-0.625622,21.406449
491,-12.679803,25.421166,-14.281460,-0.587943,0.506509,-0.630691,21.212324
492,-12.967212,24.587798,-14.664507,-0.592163,0.496419,-0.634753,25.594423
493,-13.240276,23.801931,-15.049366,-0.604317,0.477504,-0.637802,27.289763
494,-13.613197,22.828147,-15.498524,-0.616428,0.460009,-0.639068,17.742525
495,-13.835254,21.906102,-15.914167,-0.619354,0.441093,-0.649491,29.905552
496,-14.042614,21.076612,-16.248052,-0.632007,0.421787,-0.650126,33.737695
497,-14.186308,20.194979,-16.625104,-0.630606,0.414668,-0.656039,41.707149
498,-14.341527,19.272652,-17.121064,-0.643340,0.396099,-0.655148,19.424877
499,-14.351446,18.382053,-17.546747,-0.655320,0.376475,-0.654845,34.542230
500,-14.429363,17.517074,-18.020963,-0.654403,0.369839,-0.659527,22.617912
501,-14.415041,16.656604,-18.482983,-0.661894,0.354370,-0.660544,27.289859
502,-14.367891,15.794079,-18.995030,-0.674342,0.331656,-0.659748,31.611106
503,-14.282643,14.931109,-19.501269,-0.676350,0.305473,-0.670251,31.220994
504,-14.107757,14.060249,-19.956354,-0.684122,0.278443,-0.674127,14.597291
505,-13.945057,13.210875,-20.446986,-0.655300,0.296146,-0.694895,15.066513
506,-13.766551,12.424165,-20.939245,-0.640988,0.282829,-0.713543,23.697862
507,-13.623488,11.600415,-21.445684,0.664604,-0.257049,0.701589,38.246489
508,-13.358821,10.615306,-21.992416,0.665932,-0.231551,0.709167,38.040584
509,-13.201173,9.801249,-22.363849,0.683887,-0.204970,0.700204,19.742860
510,-13.544120,8.519395,-24.007346,-0.671756,0.165899,-0.721957,96.236557
511,-12.935087,7.900236,-23.007496,-0.672772,0.146112,-0.725279,33.727134
512,-13.026178,7.023824,-23.198136,-0.671138,0.133166,-0.729274,41.659851
513,-11.701369,5.999921,-22.246961,0.656798,-0.101745,0.747171,80.240515
514,-12.696151,4.887927,-23.597854,0.630930,-0.033393,0.775121,42.293359
515,-13.523094,3.453759,-25.115882,0.550910,0.073639,0.831309,37.509207
516,-16.205555,2.932000,-23.772109,0.552793,0.007153,0.833288,68.515546
517,-13.789381,1.858946,-23.783420,0.469567,0.101077,0.877092,35.648473
518,-13.952113,1.021956,-23.463950,0.456017,0.145821,0.877943,26.240747
519,-14.022622,0.112649,-22.850821,0.450778,0.144688,0.880832,29.147029
520,-14.523853,-0.771972,-23.098295,0.435386,0.168716,0.884293,21.359664
521,-14.752384,-1.795636,-22.836091,0.411327,0.211140,0.886696,48.557626
522,-14.728618,-2.636367,-21.997540,0.376964,0.306867,0.873917,17.568106
523,-14.768526,-3.649779,-21.735061,0.380441,0.315844,0.869199,70.580262
524,-14.971227,-4.691469,-21.755372,0.370935,0.340207,0.864099,39.351897
525,-15.389371,-5.498318,-21.502528,0.348161,0.277011,0.895572,81.748059
526,-14.915334,-6.418223,-20.541899,0.357907,0.327222,0.874545,25.147444
527,-14.989258,-7.311212,-20.199165,0.451754,0.343878,0.823205,11.997290
528,-15.018375,-8.254978,-19.741863,0.530296,0.376779,0.759489,38.477734
529,-14.951647,-9.119354,-19.321887,0.587590,0.393513,0.707026,25.804758
530,-14.754901,-10.063928,-18.818250,0.634788,0.397464,0.662621,19.267089
531,-14.738963,-10.879497,-18.386859,0.626778,0.419803,0.656441,39.240433
532,-14.611525,-11.777829,-17.918863,0.572491,0.457825,0.680184,9.598907
533,-17.090545,-14.511717,-21.113863,0.623175,0.432677,0.651493,23.275300
534,-15.423409,-14.392232,-18.840158,0.563086,0.456975,0.688555,63.246236
535,-14.044471,-14.290322,-16.208584,0.584134,0.422000,0.693328,45.573480
536,-13.906985,-15.025921,-15.635485,0.545025,0.443858,0.711293,31.123037
537,-13.552280,-16.105462,-15.194976,0.534639,0.440010,0.721493,51.954841
538,-13.581007,-16.981424,-15.057612,0.466661,0.497376,0.731330,44.989109
543,-0.032322,-26.781707,-3.333109,-0.005030,-0.980494,-0.196483,7.591174
544,-0.427364,-26.981371,-4.210419,0.020420,-0.948017,-0.317563,49.885986
545,-0.646329,-26.619775,-4.956876,-0.083310,0.956145,0.280794,92.449445
546,5.161549,-31.197735,-5.925976,0.033600,0.925211,-0.377962,748.754114
547,0.285075,-30.355890,-9.273727,-0.627148,-0.738026,0.249005,277.483191
548,-0.072293,-29.686924,-9.198900,-0.755732,0.328263,0.566668,421.713969
549,-1.818082,-25.815664,-8.671111,-0.492319,0.746801,0.447112,7.287573
550,-1.625226,-25.643832,-6.885835,-0.506851,0.772923,0.381697,16.273033
552,5.263395,-30.363752,-4.371835,-0.212227,0.822977,-0.526943,704.586423
553,-3.359796,-23.689765,-12.016753,0.403305,-0.660250,-0.633574,68.649457
554,-1.755367,-23.748880,-12.372902,-0.348734,0.675772,0.649397,3.690701
555,8.822645,-29.119419,-7.170062,-0.718128,0.583033,-0.379953,1326.734006
556,-4.028084,-22.063773,-15.608755,0.350010,-0.656587,-0.668122,62.001377
557,-4.119150,-21.668889,-15.927258,0.318141,-0.647061,-0.692891,59.264450
558,-4.186657,-21.123859,-16.470130,0.333552,-0.627824,-0.703264,47.704614
559,-4.280713,-20.516045,-17.109941,0.243761,-0.623787,-0.742610,38.340023
560,-4.399088,-19.878446,-17.986366,0.252344,-0.619844,-0.743045,14.574970
561,-4.170913,-19.212943,-18.750438,0.155059,-0.616957,-0.771571,45.535833
562,-3.840650,-18.030935,-17.287518,-0.155059,0.616957,0.771571,76.176957
563,-4.834251,-16.848695,-20.273693,-0.279564,-0.493525,-0.823576,7.573736
564,-4.900025,-17.361012,-20.228913,0.279564,0.493525,0.823576,51.775149
565,-5.332114,-15.766203,-20.746794,-0.279564,-0.493525,-0.823576,21.509305
566,-5.469426,-15.030495,-20.862197,-0.257898,-0.463102,-0.847954,31.952022
567,-5.446166,-14.143704,-20.949803,-0.255084,-0.447435,-0.857167,3.464540
568,-5.523390,-13.315686,-21.268003,-0.235674,-0.434605,-0.869239,8.146245
569,-5.714570,-12.409827,-21.676335,-0.236401,-0.423001,-0.874748,8.192637
570,-5.938619,-11.639816,-22.030652,-0.221439,-0.385341,-0.895811,51.352251
571,-6.133020,-10.848957,-22.374204,-0.232693,-0.379136,-0.895606,39.356136
572,-6.369804,-9.730741,-23.014300,-0.242884,-0.381518,-0.891881,34.403761
573,-6.542651,-8.937471,-23.201126,-0.251702,-0.377243,-0.891254,25.291872
574,-6.791504,-8.024986,-23.488074,-0.269889,-0.371562,-0.888314,51.096787
575,-6.968323,-7.102289,-23.787585,-0.276749,-0.362978,-0.889751,30.026172
576,-7.148995,-6.128510,-24.049725,-0.279654,-0.348995,-0.894425,24.374704
577,-7.415187,-5.301177,-24.245316,-0.284264,-0.335681,-0.898060,26.212533
578,-7.583689,-4.295481,-24.486917,-0.318914,-0.316075,-0.893527,20.680545
579,-7.816842,-3.361139,-24.739471,-0.316314,-0.303098,-0.898931,18.674893
580,-8.044374,-2.421631,-24.966046,-0.321036,-0.287448,-0.902391,22.816827
581,-8.260367,-1.476026,-25.175415,-0.325988,-0.281994,-0.902337,22.177877
582,-8.486204,-0.525959,-25.424627,-0.319472,-0.274935,-0.906834,28.232398
583,-8.717799,0.410855,-25.615477,-0.334095,-0.269115,-0.903304,30.709527
584,-8.954166,1.351586,-25.824366,-0.375963,-0.264032,-0.888222,25.101610
585,-9.096249,2.333084,-26.084128,-0.399962,-0.236188,-0.885576,22.079302
586,-9.603647,3.066883,-26.239506,-0.460718,-0.188883,-0.867215,13.406262
587,-9.742406,4.309447,-26.483676,-0.465124,-0.178537,-0.867055,32.864009
588,-9.590281,5.069929,-26.681621,-0.484407,-0.127442,-0.865511,36.179667
589,-9.459700,5.832812,-26.787746,0.484407,0.127442,0.865511,31.417283
590,-9.293272,6.588333,-27.790936,-0.501581,-0.099009,-0.859426,23.685836
591,-8.304036,7.160929,-28.339519,-0.506535,-0.144366,-0.850047,47.650272
592,-7.571048,7.570904,-28.698637,-0.506535,-0.144366,-0.850047,26.410546
593,-6.752384,7.753335,-29.064346,-0.480673,-0.209492,-0.851509,40.131345
594,-5.749416,7.586236,-29.187555,-0.277618,-0.079794,-0.957372,35.307997
595,-4.893523,7.215495,-29.223098,0.088504,-0.156420,-0.983717,45.345078
596,-4.648205,6.501617,-28.695147,0.088504,-0.156420,-0.983717,42.915181
597,-3.589506,5.819901,-28.355094,0.092018,-0.126201,-0.987728,16.483333
598,-2.968367,5.059035,-28.286107,0.080476,-0.125950,-0.988767,70.085192
599,-2.834045,4.355277,-28.276264,0.049258,-0.182516,-0.981968,67.240003
600,-3.123547,3.007529,-27.855162,-0.032079,-0.249627,-0.967810,18.177890
601,-3.213998,2.217935,-27.634235,-0.149606,-0.277954,-0.948873,0.753846
602,-2.948909,1.180620,-27.740766,-0.063335,-0.271179,-0.960443,52.317712
603,-2.970856,0.293997,-27.519728,-0.071031,-0.272992,-0.959390,34.835006
604,-3.309251,-0.666069,-26.964607,-0.265561,-0.272220,-0.924864,1.212440
605,-3.347217,-1.562753,-26.713047,-0.262272,-0.277483,-0.924239,8.409960
606,-3.288585,-2.529974,-26.622856,-0.264041,-0.287088,-0.920794,65.567877
607,-3.395533,-3.447605,-26.045478,-0.270130,-0.305668,-0.913015,12.541718
608,-3.358277,-4.435688,-25.923841,-0.259472,-0.318225,-0.911815,56.922554
609,-3.371060,-5.337184,-25.522988,-0.266836,-0.327020,-0.906563,48.117912
610,-3.343489,-6.209546,-25.166783,-0.263847,-0.344601,-0.900908,55.743072
611,-3.317091,-7.143569,-24.803810,-0.257687,-0.358248,-0.897361,53.143573
612,-3.252016,-8.098451,-24.345704,-0.251360,-0.379233,-0.890506,55.278728
613,-3.176761,-8.908032,-24.000009,-0.246190,-0.384635,-0.889633,54.214272
614,-3.213104,-9.840396,-23.736574,-0.235885,-0.383290,-0.892999,22.881465
615,-3.051662,-10.884053,-23.123644,-0.227122,-0.390099,-0.892322,56.595683
616,-3.005858,-11.668996,-22.777781,-0.221439,-0.385341,-0.895811,55.916580
617,-2.944797,-12.531418,-22.363090,-0.224888,-0.427362,-0.875664,57.744731
618,-2.850657,-13.412295,-21.967470,-0.235674,-0.434605,-0.869239,58.233619
619,-2.785573,-14.385457,-21.569559,-0.237221,-0.447826,-0.862078,23.701517
620,-2.598850,-15.093423,-21.079928,-0.257011,-0.478612,-0.839569,34.112018
621,-2.312527,-15.993423,-21.177534,-0.279564,-0.493525,-0.823576,57.106517
622,-3.069300,-16.454688,-20.921465,-0.279564,-0.493525,-0.823576,30.903746
623,-2.713442,-16.911860,-20.392962,-0.279564,-0.493525,-0.823576,43.151321
625,-2.552457,-19.048500,-19.254056,0.154574,-0.615422,-0.772893,28.231733
626,11.299105,-24.436999,-10.782545,0.672349,-0.492236,-0.552857,822.936320
627,11.073537,-25.764389,-11.110440,0.781137,-0.425494,-0.456925,890.359880
628,10.820776,-26.160160,-9.265060,0.891688,-0.441762,-0.098688,878.889759
629,10.261793,-27.029454,-8.483436,0.927151,-0.359986,0.103923,840.652484
630,9.771459,-27.818907,-7.901406,0.847488,-0.476735,0.233426,807.704113
631,-0.813375,-22.863343,-13.103498,0.263316,-0.764423,-0.588492,70.311273
632,-0.727490,-23.547547,-12.137340,0.307959,-0.742680,-0.594633,58.945386
633,-0.499601,-23.892561,-11.598345,0.303521,-0.772421,-0.557889,33.207086
634,10.856607,-28.401656,-7.070936,0.821786,-0.513928,0.246062,637.073609
635,1.827116,-30.851262,-5.252576,0.545481,0.715936,-0.435758,0.247294
636,1.505695,-30.938461,-5.187848,0.545481,0.715936,-0.435758,365.200649
637,0.572917,-25.709880,-9.076509,0.399560,-0.819830,-0.410158,54.754963
638,0.633666,-25.697092,-8.452360,-0.317781,0.845190,0.429732,48.712050
639,0.752870,-25.974118,-7.558344,0.991275,0.123297,-0.046594,42.603130
640,0.872074,-26.251144,-6.664329,0.911182,0.345124,-0.225024,36.494210
641,0.991278,-26.528169,-5.770313,0.807168,0.514419,-0.289572,30.385290
642,1.051166,-26.951193,-4.655927,0.077226,0.950636,0.300545,47.484561
643,1.240179,-27.008433,-3.808007,0.215522,0.975467,-0.044874,29.816223
644,1.286028,-27.122777,-2.542078,0.045917,0.998033,0.042689,11.000386
645,1.714078,-27.214395,-2.074975,0.098654,0.990140,-0.099454,10.876483
646,2.915643,-26.783370,0.899057,0.117171,-0.975785,0.184699,33.522340
647,4.383055,-27.546890,-0.499986,0.301382,0.953287,0.020294,51.038742
648,4.700792,-29.467291,-2.342852,-0.282703,-0.892029,0.352651,15.364241
649,4.708986,-28.570185,-2.546238,0.106570,-0.878337,0.466011,15.214133
650,4.460086,-27.669070,-2.313053,0.166654,-0.976229,0.138577,5.758527
652,5.235479,-26.953968,-1.952104,0.409199,-0.886883,0.214461,26.140624
653,5.958599,-26.310985,-1.353157,-0.355159,0.933125,-0.056027,7.730743
654,6.860858,-26.193412,-1.964422,-0.358949,0.891794,0.275425,77.049213
655,7.529599,-25.984842,-2.179914,-0.331815,0.890461,0.311413,1.550789
656,8.224888,-25.501686,-2.528870,-0.353683,0.912142,0.207135,43.012834
657,8.920177,-25.018530,-2.877827,0.484508,-0.854354,0.187967,84.474879
658,9.576128,-25.492141,-4.495674,0.642305,-0.680128,0.353370,24.127087
659,9.868470,-24.458979,-4.760384,-0.667203,0.651166,-0.361696,20.876525
660,10.669588,-24.437245,-6.723502,-0.821193,0.565676,-0.075183,24.995845
661,10.957922,-24.386616,-7.710633,-0.829998,0.555439,0.050887,49.387790
662,10.793430,-23.755977,-8.451914,-0.788541,0.549161,0.276812,50.834605
663,10.628937,-23.125337,-9.193194,-0.732814,0.563032,0.382073,52.281421
664,10.464445,-22.494697,-9.934474,-0.485650,0.689903,0.536822,53.728237
665,9.871468,-21.912964,-10.417121,-0.430207,0.704800,0.564073,22.767852
666,10.001560,-21.601821,-11.298886,-0.405868,0.723560,0.558330,14.404520
667,10.577474,-21.221411,-12.416854,-0.323789,0.745768,0.582229,11.427955
668,10.697118,-20.720714,-12.840251,-0.226124,0.745185,0.627350,64.560025
670,10.554515,-19.671246,-13.863689,0.120410,-0.736253,-0.665907,38.881848
671,9.658288,-18.008112,-16.443540,0.275277,-0.709894,-0.648284,53.890090
672,9.930297,-18.019245,-16.590426,0.270282,-0.689721,-0.671739,105.480162
673,10.000560,-17.297808,-18.042666,0.332142,-0.631376,-0.700747,64.521301
674,10.094902,-16.600681,-18.588825,0.348532,-0.600448,-0.719713,20.308510
675,9.235655,-16.091559,-19.489209,-0.322825,0.574823,0.751906,51.889915
676,10.770574,-14.651711,-19.252811,0.370643,-0.481323,-0.794325,60.148704
677,11.265796,-13.755461,-19.689810,0.373280,-0.450643,-0.810915,47.854667
678,8.819997,-13.630145,-20.259695,-0.361730,0.450338,0.816301,27.406604
679,8.698008,-12.830586,-20.815981,-0.351751,0.447942,0.821961,29.996110
680,8.529259,-12.030976,-21.346220,-0.347402,0.438913,0.828654,28.114245
681,8.346617,-11.188193,-21.875216,-0.361765,0.404039,0.840166,23.421972
682,8.173195,-10.376787,-22.390358,-0.363586,0.386468,0.847613,27.373148
683,8.052822,-9.481665,-22.905305,-0.361272,0.361240,0.859645,29.161368
684,7.781550,-8.738977,-23.353223,-0.369699,0.306902,0.877003,37.004678
685,7.533048,-7.890691,-23.796147,-0.369048,0.290986,0.882684,18.254952
686,7.326996,-6.991644,-24.248700,-0.364223,0.258240,0.894793,38.203139
687,7.126296,-6.095345,-24.623660,-0.265193,0.290821,0.919291,42.944900
688,6.828160,-5.133648,-24.958766,-0.180107,0.287166,0.940796,42.068456
689,6.586688,-4.303687,-25.262266,-0.133279,0.260889,0.956124,25.487539
690,6.296758,-3.439339,-25.536091,-0.145231,0.226622,0.963094,24.292491
691,6.020812,-2.525442,-25.871951,-0.159469,0.190390,0.968670,32.827198
692,5.792176,-1.602993,-25.998890,0.173429,-0.151104,-0.973185,46.286826
693,6.374139,-0.455499,-23.052702,0.193955,-0.121813,-0.973418,60.032779
694,5.078019,0.297213,-26.283646,-0.192843,0.095440,0.976577,42.157183
695,4.807133,1.165739,-26.484047,-0.218873,0.031139,0.975256,62.848428
696,4.589877,2.170423,-26.414760,-0.248669,-0.009659,0.968540,26.347611
697,4.336060,2.943058,-26.429680,-0.248669,-0.009659,0.968540,27.122421
698,3.987831,4.089526,-26.456078,-0.281905,-0.070343,0.956860,49.218690
699,3.807681,5.032850,-26.431798,-0.318368,-0.101663,0.942500,62.073025
700,3.420677,5.991581,-26.263687,-0.322453,-0.119846,0.938968,41.685058
701,3.254348,6.958587,-26.120194,-0.350065,-0.145145,0.925412,41.391722
702,3.071876,7.881416,-25.938571,-0.355254,-0.157216,0.921454,19.318383
703,3.097629,9.015282,-25.644244,-0.365690,-0.180375,0.913091,88.360336
704,3.137320,9.791151,-25.370724,-0.323084,-0.243482,0.914513,20.285502
705,3.305998,10.677040,-25.066539,-0.334847,-0.267685,0.903450,24.803854
706,3.595189,11.581650,-24.663211,-0.320893,-0.287353,0.902472,25.152294
707,3.969844,12.475873,-24.186985,-0.324063,-0.307465,0.894678,19.181096
708,4.234758,13.200390,-23.823535,-0.302519,-0.327842,0.894987,36.574484
709,4.499728,14.115942,-23.336059,0.332346,0.333243,-0.882324,34.765774
710,4.747165,14.965930,-22.915909,0.312952,0.362216,-0.877987,14.798923
711,4.911856,15.829761,-22.478544,0.310053,0.370708,-0.875467,17.168519
712,5.056347,16.694771,-22.025917,0.298844,0.393418,-0.869434,15.358738
713,5.166765,17.573949,-21.561990,0.300605,0.405708,-0.863156,19.901623
714,5.276038,18.475511,-21.092712,0.293658,0.418432,-0.859465,12.688717
715,5.347688,19.331031,-20.644073,0.289655,0.428558,-0.855826,18.503218
716,5.400761,20.227860,-20.192535,0.286080,0.446049,-0.848056,21.273049
717,5.410670,21.091015,-19.732881,0.288723,0.452683,-0.843633,14.673594
718,5.402030,21.995369,-19.266832,0.285162,0.465491,-0.837855,20.584647
719,5.361781,22.716870,-18.901469,0.282991,0.473743,-0.833956,20.417253
720,5.211639,23.846027,-18.331277,0.280383,0.487215,-0.827047,33.152844
721,5.131362,24.641191,-17.884136,0.279268,0.501247,-0.819000,16.444337
722,4.982182,25.464479,-17.436441,0.285316,0.510902,-0.810910,12.071315
723,4.775696,26.357177,-16.960944,0.286596,0.535469,-0.794440,20.511047
724,4.557233,27.161590,-16.517679,0.291121,0.539906,-0.789778,19.622235
725,4.327599,28.015132,-16.049660,0.295639,0.554093,-0.778189,24.741939
726,3.998228,28.831760,-15.575004,0.302224,0.576428,-0.759204,14.522158
727,3.685350,29.656502,-15.103946,0.298967,0.589371,-0.750507,15.441097
728,3.383590,30.376019,-14.681018,0.304322,0.592808,-0.745632,26.741002
729,2.935104,31.217666,-14.135315,0.308012,0.607028,-0.732561,15.863092
730,2.484460,32.059737,-13.594114,0.306246,0.617503,-0.724502,20.966371
731,2.093573,32.742575,-13.151309,0.312923,0.627301,-0.713143,18.976285
732,1.641660,33.471400,-12.698841,0.219815,0.669360,-0.709674,16.954637
733,1.163319,34.176795,-12.221856,0.186083,0.664030,-0.724180,21.919363
734,0.669078,34.891202,-11.738098,0.117017,0.621558,-0.774579,17.856275
735,0.163671,35.610640,-11.269544,0.025775,0.571234,-0.820383,20.877407
736,-0.237625,36.213591,-10.824754,-0.155584,0.505839,-0.848481,48.055942
737,-0.850268,37.110202,-10.185165,-0.154132,0.523355,-0.838059,26.683735
738,-1.210917,37.741968,-9.775194,-0.145655,0.543455,-0.826705,15.950324
739,-1.570392,38.548395,-9.305670,-0.151846,0.565897,-0.810373,25.755135
740,-1.796812,39.274864,-8.813101,-0.148761,0.580779,-0.800354,42.495806
741,-2.020946,40.088626,-8.236548,-0.131303,0.611099,-0.780588,54.468370
742,-2.052259,40.945670,-7.613856,-0.107798,0.643574,-0.757755,42.407420
743,-2.001531,41.691851,-7.046446,-0.087695,0.679268,-0.728632,45.378061
744,-1.847003,42.470662,-6.372176,-0.084076,0.723550,-0.685133,42.726062
745,-1.622687,43.207927,-5.646828,-0.087072,0.768674,-0.633687,34.038625
746,-1.311217,43.744873,-5.010292,-0.084162,0.815401,-0.572745,37.630332
747,-0.620026,44.260360,-4.383771,0.046752,0.845084,-0.532585,42.195475
748,0.080834,44.586243,-3.849404,0.147164,0.872279,-0.466338,27.505886
749,0.925245,44.698142,-3.338749,0.227875,0.827367,-0.513358,40.405782
750,1.819657,44.627864,-2.993466,0.270223,0.861390,-0.430101,37.571632
751,2.756262,44.334135,-2.801081,0.356051,0.831648,-0.426133,32.119890
752,3.678960,43.828504,-2.722959,0.419162,0.790804,-0.446017,37.083792
753,4.367922,43.254219,-2.842781,0.532466,0.772423,-0.346183,31.785616
754,5.033383,42.536340,-3.050058,0.570714,0.730173,-0.375677,24.094470
755,5.740220,41.687681,-3.329016,0.603831,0.690857,-0.397624,33.854919
756,6.219181,40.972091,-3.558041,0.634366,0.655639,-0.409534,34.014292
757,6.615010,40.211320,-3.900158,-0.665916,-0.625880,0.405993,13.054956
758,7.054559,39.375019,-4.301757,-0.692935,-0.599482,0.400578,11.144849
759,7.348041,38.564194,-4.748128,-0.704282,-0.586374,0.400190,17.119588
760,7.660247,37.773201,-5.291213,0.722311,0.559086,-0.407051,16.343733
761,7.800075,37.094172,-5.867722,-0.727891,-0.550858,0.408325,20.342126
762,7.906406,36.317609,-6.693410,0.730492,0.545181,-0.411289,20.534448
763,7.960123,35.638782,-7.389020,0.596712,0.597427,-0.535738,24.568931
764,8.075134,34.968929,-8.116623,0.481954,0.651968,-0.585371,20.688632
765,8.187545,34.271217,-8.769993,0.427034,0.676468,-0.600027,34.950766
766,8.304557,33.559825,-9.460489,0.381967,0.689521,-0.615355,20.350775
767,8.439278,32.807703,-10.161197,0.335015,0.647760,-0.684231,23.743765
768,8.564236,32.108939,-10.749148,0.336585,0.641704,-0.689149,28.376517
769,8.735788,31.393371,-11.326170,0.334663,0.629797,-0.700968,25.394724
770,8.964276,30.473502,-12.026108,0.333685,0.617204,-0.712540,21.694459
771,9.198272,29.785978,-12.516245,0.330145,0.613314,-0.717530,23.580004
772,9.454622,29.008243,-13.085153,0.329768,0.590408,-0.736662,30.417234
773,9.728527,28.224203,-13.624016,0.324454,0.585858,-0.742630,20.267971
774,10.034339,27.440627,-14.128826,0.319579,0.563758,-0.761608,20.653567
775,10.356677,26.626487,-14.643063,0.328154,0.547264,-0.769946,20.425136
776,10.699982,25.816226,-15.096116,0.323565,0.542715,-0.775091,17.999831
777,11.061212,24.990132,-15.543902,0.325301,0.513113,-0.794288,20.893442
778,11.367078,24.347229,-15.865087,0.331889,0.507176,-0.795376,23.735607
779,11.936366,23.235512,-16.312638,0.331152,0.488858,-0.807066,45.759418
780,12.319404,22.511414,-16.547969,0.331462,0.470895,-0.817552,15.090684
781,12.790649,21.703278,-16.793914,0.339570,0.447797,-0.827146,24.428584
782,13.296148,20.814303,-17.029728,0.338876,0.445546,-0.828645,25.993435
783,13.795852,19.999459,-17.221243,0.342193,0.426055,-0.837485,19.221214
784,14.267333,19.156938,-17.428935,0.369482,0.390531,-0.843189,22.529465
785,14.771035,18.335296,-17.575570,0.371645,0.390224,-0.842381,28.829672
786,15.295975,17.473541,-17.732657,0.372236,0.370518,-0.850974,22.510577
787,15.749341,16.691110,-17.853690,0.368543,0.354399,-0.859405,35.427621
788,16.363119,15.814306,-17.968534,0.374027,0.341301,-0.862333,32.215845
789,16.836691,14.992001,-18.058550,0.405622,0.330361,-0.852252,30.170654
790,17.342579,14.083830,-18.154312,0.489227,0.345947,-0.800611,38.474354
791,17.778203,13.406506,-18.193726,0.501495,0.337720,-0.796522,43.029313
792,20.226689,11.030638,-15.201586,0.597415,0.324113,-0.733516,83.835079
793,18.725494,11.508731,-18.357328,0.486324,0.266678,-0.832089,48.670026
794,21.049477,10.502748,-18.399542,0.516993,0.216948,-0.828041,36.528038
795,20.348093,9.503510,-18.527702,0.506291,0.197712,-0.839392,83.773448
796,20.437002,8.567099,-18.656566,0.523813,0.172398,-0.834205,49.485968
797,20.501284,7.749959,-18.757175,-0.510476,-0.123821,0.850931,87.197690
798,20.587188,6.651659,-19.002471,-0.536123,-0.090781,0.839244,89.327626
799,20.079478,5.783679,-19.396109,-0.569891,-0.056038,0.819807,40.964132
800,20.444057,4.861856,-19.283102,-0.580938,-0.025987,0.813533,70.415172
801,19.926168,3.637444,-19.620856,-0.614062,0.020529,0.788991,70.778193
802,19.980551,2.835639,-19.769748,-0.633361,0.072953,0.770410,47.246057
803,19.547484,1.858572,-19.783575,-0.654977,0.114086,0.746987,39.506224
804,18.954670,1.010157,-20.237086,-0.644580,0.128388,0.753680,61.635414
805,18.331272,0.000000,-19.635715,-0.660626,0.163040,0.732797,84.394352
806,17.231281,-0.824898,-18.813483,-0.658793,0.171959,0.732409,67.901289
807,18.146180,-1.904876,-20.269753,-0.657997,0.198932,0.726268,85.819479
808,17.790822,-2.680419,-20.458971,0.666852,-0.231779,-0.708228,57.752243
809,17.498284,-3.662429,-20.292849,-0.667824,0.257811,0.698244,40.888128
810,17.022645,-4.541461,-20.468666,0.598025,-0.282236,-0.750139,43.787450
811,16.723438,-5.516341,-20.391089,0.498652,-0.264082,-0.825595,33.523868
812,16.358288,-6.440393,-20.340120,0.443897,-0.266295,-0.855595,35.359862
813,16.011563,-7.398934,-20.201380,0.435974,-0.291310,-0.851508,44.666339
814,15.613089,-8.208627,-20.091992,0.438471,-0.309330,-0.843835,53.928825
815,15.282730,-9.144691,-19.787008,-0.431825,0.336519,0.836828,41.069954
816,14.888328,-10.081524,-19.499798,-0.409296,0.376385,0.831150,25.287710
817,14.480223,-10.899313,-19.265131,-0.407693,0.398012,0.821811,30.775066
818,13.998076,-11.706891,-19.126996,0.401888,-0.419599,-0.813894,58.470688
819,13.570042,-12.616228,-18.764552,-0.400479,0.445115,0.800930,25.769034
820,13.102771,-13.448866,-18.509690,-0.409904,0.480503,0.775303,30.642533
821,12.632447,-14.209364,-18.287338,-0.415537,0.512323,0.751568,43.500552
822,12.097519,-15.026343,-18.044847,-0.413109,0.537567,0.735093,46.397001
823,11.600486,-15.861661,-17.801057,-0.402667,0.596209,0.694546,62.358403
824,10.978579,-16.462988,-17.723564,0.402667,-0.596209,-0.694546,11.199766
825,10.362639,-17.001705,-18.261445,0.332142,-0.631376,-0.700747,10.646603
826,10.397377,-17.938113,-16.840065,0.354880,-0.687985,-0.633038,57.445978
827,10.077882,-18.995050,-16.617517,0.231874,-0.718401,-0.655846,51.083194
828,24.901123,-21.363809,-5.064691,0.783197,-0.567559,-0.253927,910.483918
829,13.528117,-22.872410,-2.314427,-0.522842,0.852089,-0.024084,500.725353
830,7.135739,-20.700816,-13.527902,-0.111966,0.756205,0.644684,3.131961
833,6.002899,-21.942441,-12.303308,-0.088820,0.758639,0.645428,0.193528
834,5.314889,-22.513463,-11.806220,-0.087948,0.777410,0.622815,27.367653
835,4.659252,-22.957889,-11.423025,-0.070429,0.756520,0.650167,50.889727
836,3.928948,-23.414642,-10.969316,-0.104359,0.842131,0.529079,61.374238
837,4.426980,-27.327831,-4.098031,0.015659,0.963644,-0.266729,606.300337
841,0.575848,-25.638386,-8.439409,-0.317781,0.845190,0.429732,87.972575
842,0.613821,-25.548090,-7.911690,-0.201559,0.883380,0.423100,18.343534
843,0.861451,-26.457990,-6.398791,0.807168,0.514419,-0.289572,16.092996
844,0.973103,-26.569131,-5.354589,0.453343,0.891281,-0.009943,3.228695
845,1.132739,-26.835565,-4.413820,0.064136,0.953110,0.295751,36.665392
846,9.486893,-26.074030,-0.058461,0.465871,-0.874684,-0.133760,1161.063177
847,1.931113,-28.275513,-4.058360,-0.484975,-0.783443,0.388609,17.332304
848,-0.936098,-27.331318,-3.622948,0.151661,0.972111,0.178884,55.644632
849,4.254772,-27.909732,-1.223208,-0.014179,-0.981897,0.188886,15.254735
850,4.123462,-27.480252,-1.489883,-0.014179,-0.981897,0.188886,33.056983
851,3.454211,-26.620732,-0.152772,0.038767,-0.984320,0.172081,30.874094
852,3.530041,-26.710584,0.100480,0.031069,-0.986512,0.160714,10.671329
853,3.811787,-26.743197,0.851577,-0.218991,-0.967643,0.125340,14.127522
854,5.023004,-27.018401,-0.905799,0.223981,-0.960020,0.167910,52.117423
855,5.660731,-26.875285,-1.005186,0.126225,-0.991997,-0.002971,18.919266
856,5.858094,-26.847052,-1.838395,0.417066,-0.905476,-0.078544,30.263356
867,15.339577,-22.362090,-5.040544,0.527020,-0.835081,-0.157765,41.721246
870,23.189964,-17.795655,2.583224,0.912355,-0.397217,0.099129,50.516507
871,18.455527,-19.952413,-6.099612,-0.254889,0.571301,0.780158,22.318481
872,18.811003,-19.247055,-6.593991,-0.283748,0.574205,0.767969,2.202132
873,19.185622,-18.534211,-7.119806,-0.325599,0.507498,0.797766,26.294327
874,19.458247,-17.945550,-7.583240,0.391528,-0.492764,-0.777103,39.707620
875,20.263678,-16.700789,-7.259632,-0.496125,0.473048,0.728070,0.017792
876,20.989615,-15.701733,-6.767720,-0.578387,0.430779,0.692747,50.648891
877,20.943270,-14.867615,-7.453348,0.853716,-0.469006,-0.226278,64.481273
878,21.512159,-14.253219,-7.821907,0.853716,-0.469006,-0.226278,37.574017
879,21.974589,-13.325515,-7.821711,0.861560,-0.451510,-0.232062,20.110691
880,22.306635,-12.472073,-8.070906,0.868173,-0.436692,-0.235745,30.574744
881,22.698245,-11.509058,-8.137431,0.872371,-0.425287,-0.241038,49.371592
882,23.405313,-10.679100,-8.320906,0.881019,-0.410561,-0.235045,46.880063
883,23.433040,-9.747959,-8.390366,0.888465,-0.395765,-0.232380,32.508752
884,23.689740,-9.088529,-8.536946,0.898338,-0.372502,-0.232874,1.400232
885,24.219212,-7.787296,-8.713212,0.909138,-0.339311,-0.241527,35.101884
886,24.519555,-7.031535,-8.717149,0.911980,-0.323172,-0.252690,34.611739
887,24.828872,-6.076123,-8.783461,0.913772,-0.308741,-0.264008,31.660441
888,25.131151,-5.128869,-8.822936,0.916068,-0.293396,-0.273382,24.595237
889,25.403075,-4.236133,-8.834876,0.919429,-0.287118,-0.268727,27.565478
890,25.757032,-3.324750,-8.869389,0.920827,-0.273660,-0.277828,60.569551
891,25.963369,-2.307368,-8.895878,0.927910,-0.257605,-0.269484,26.137772
892,26.235852,-1.356048,-8.776077,0.931599,-0.246609,-0.267036,21.202623
893,26.487027,-0.378805,-8.813858,0.938683,-0.229027,-0.257723,51.678685
894,26.698283,0.513933,-8.890501,0.936917,-0.231099,-0.262259,32.057305
895,26.959794,1.453306,-8.871879,0.934194,-0.240704,-0.263330,26.913695
896,27.207668,2.430706,-8.837574,0.943264,-0.196655,-0.267544,25.565672
897,27.404387,3.424477,-8.860241,0.942810,-0.227720,-0.243419,32.299892
898,27.597706,4.258275,-8.865450,0.951915,-0.207394,-0.225490,20.499430
899,27.905334,5.323599,-8.693286,0.973443,-0.162903,-0.160844,17.771120
900,27.926033,6.268257,-8.729974,-0.972734,0.155432,0.172133,52.558746
901,28.642439,7.212691,-9.171339,0.980949,-0.120858,-0.152094,69.624313
902,28.819594,7.896611,-9.459585,-0.980949,0.120858,0.152094,13.689163
903,28.655459,8.456976,-10.011419,0.986284,-0.094793,-0.135126,48.704417
904,28.793498,9.162732,-10.902862,0.971467,-0.170399,-0.164973,59.155859
905,29.432899,9.667615,-10.194427,0.994704,-0.009303,-0.102361,109.874359
906,28.409765,9.850987,-12.670117,0.927081,0.014182,-0.374594,66.401910
907,27.885102,9.580223,-13.429237,0.803048,-0.072208,-0.591524,47.854569
908,27.388070,9.106907,-14.016709,0.780542,-0.031653,-0.624301,51.965810
909,26.597986,8.529600,-14.414445,0.780542,-0.031653,-0.624301,51.754975
910,25.970752,7.880046,-15.095154,-0.758211,-0.028059,0.651405,103.973651
911,26.716830,6.971784,-14.591226,-0.789686,0.044143,0.611921,101.424895
912,25.394478,6.239122,-15.155291,0.747938,-0.044926,-0.662247,84.710341
913,25.278354,5.183948,-15.113955,0.776908,-0.167884,-0.606819,61.452626
914,25.162230,4.128774,-15.072619,0.776017,-0.194685,-0.599912,38.194911
915,24.983842,2.893958,-14.816441,-0.789992,0.213787,0.574638,30.830602
916,25.144634,2.325464,-14.652190,0.825639,-0.223872,-0.517882,10.685790
917,25.072578,1.428537,-14.467705,0.825124,-0.216680,-0.521748,4.760630
918,24.873093,0.458636,-14.248186,0.851616,-0.229926,-0.471046,1.507846
919,24.695140,-0.523740,-14.029939,0.874847,-0.233766,-0.424259,1.005177
920,24.529130,-1.472170,-13.791068,0.916260,-0.234248,-0.324955,4.296664
921,24.506094,-2.395847,-13.535835,0.914880,-0.245111,-0.320805,22.454802
922,24.344118,-3.338040,-13.279275,0.913322,-0.260761,-0.312805,5.647001
923,24.098642,-4.313246,-13.102781,0.911270,-0.276865,-0.304848,24.554126
924,23.996456,-5.184303,-12.678515,0.911077,-0.290449,-0.292537,62.976249
925,23.755787,-6.084412,-12.408098,0.907428,-0.306375,-0.287591,64.548575
926,23.512207,-7.035484,-12.114671,0.902822,-0.329638,-0.276135,51.157949
927,23.225728,-7.768530,-11.968648,0.902822,-0.329638,-0.276135,8.147072
928,23.023864,-8.941825,-11.597165,0.896424,-0.365396,-0.250819,43.110142
929,22.766924,-9.827646,-11.288518,0.887159,-0.389065,-0.248149,40.257940
930,22.477831,-10.751020,-11.069930,0.864515,-0.421399,-0.273927,45.697319
931,22.084084,-11.581257,-10.835927,0.870997,-0.420166,-0.254607,48.821925
932,21.744558,-12.509981,-10.566853,0.866348,-0.431364,-0.251726,58.875779
933,21.471777,-13.388412,-10.401383,0.859343,-0.446110,-0.250030,31.310730
934,21.021987,-14.235569,-10.205223,0.850562,-0.463042,-0.249271,39.546864
935,20.247096,-14.966461,-9.442112,0.836683,-0.496506,-0.231181,6.001449
936,19.706255,-15.615100,-8.932794,0.836683,-0.496506,-0.231181,48.950529
937,18.971979,-16.369953,-9.606848,0.810992,-0.546179,-0.209715,57.132596
938,19.252720,-17.255499,-9.389802,0.437066,-0.494504,-0.751291,49.448958
939,19.533462,-18.141046,-9.172756,0.369974,-0.508771,-0.777349,41.765320
940,18.700158,-18.838544,-8.962842,0.325599,-0.507498,-0.797766,43.602231
941,18.001212,-19.508400,-8.740490,0.388193,-0.579550,-0.716539,47.665233
942,17.384079,-20.146730,-8.502020,0.619048,-0.734059,-0.279172,37.624502
943,15.827100,-21.227388,-6.752547,0.535305,-0.801216,-0.267397,76.535747
944,15.361209,-21.948759,-6.626490,0.524467,-0.836184,-0.160405,15.648232
945,14.603209,-22.404513,-5.995632,-0.553593,0.830389,0.063164,22.904570
946,13.760413,-22.786252,-5.669995,-0.536533,0.842903,0.040573,22.840184
947,12.917618,-23.167990,-5.344358,-0.567387,0.823381,-0.010816,22.775798
948,12.074823,-23.549729,-5.018722,-0.558649,0.829191,-0.018790,22.711412
949,11.232028,-23.931467,-4.693085,-0.540143,0.838396,-0.073055,22.647026
950,10.389232,-24.313206,-4.367448,-0.517757,0.854458,-0.042776,22.582640
951,9.546437,-24.694945,-4.041811,-0.499056,0.865112,-0.050242,22.518254
952,9.291761,-25.645744,-4.397343,0.625359,-0.693835,0.357098,2.236114
953,8.696624,-26.088112,-3.153394,0.475934,-0.868932,0.135810,38.048395
954,7.735108,-26.357183,-3.339076,0.446777,-0.890111,0.089954,65.526615
955,6.915899,-26.589623,-2.729210,0.361569,-0.900957,-0.239886,25.059122
956,6.175444,-26.818420,-2.284407,0.421008,-0.892868,-0.159808,27.781523
957,4.293788,-27.736412,-2.525987,-0.013958,-0.898946,0.437837,45.448327
958,3.707513,-27.399384,-1.893349,-0.000155,0.978031,-0.208462,21.072162
959,3.394577,-26.717827,-0.027871,0.038767,-0.984320,0.172081,4.422440
960,2.737471,-26.430736,2.453403,0.413930,-0.909487,-0.038665,31.523874
961,3.822478,-26.645791,0.918183,0.084336,-0.974927,0.205925,6.743063
962,5.078286,-27.238394,-2.089595,0.391680,-0.910331,0.133728,28.582071
963,5.203641,-27.692848,0.948284,-0.473054,-0.877229,-0.081791,1.426748
964,7.451739,-29.834425,-0.457088,-0.410943,0.846202,0.339216,23.218000
965,7.098510,-28.883214,-0.432405,-0.398609,0.820687,0.409371,9.991719
966,6.754002,-27.999932,-0.470381,-0.398609,0.820687,0.409371,12.665679
967,5.837208,-26.972586,-1.651989,0.390674,-0.916566,-0.085324,14.853849
968,5.799181,-26.877224,-2.055842,0.442712,-0.880601,-0.168961,41.322447
969,7.247741,-26.072801,-2.043578,-0.308095,0.894050,0.325194,28.701895
970,7.974071,-25.952272,-2.035708,-0.292586,0.886103,0.359465,3.284321
971,8.514749,-25.802418,-2.662099,0.428695,-0.903429,-0.006009,43.772866
972,9.351583,-25.401833,-2.634909,0.509688,-0.847223,0.149770,35.707396
973,10.188417,-25.001249,-2.607718,0.496821,-0.856903,0.137427,27.641926
974,11.025252,-24.600665,-2.580528,0.521397,-0.847842,0.096482,19.576455
988,22.707766,-17.254745,3.187834,0.881492,-0.374689,0.287369,10.716090
989,23.380733,-16.455561,3.330325,0.896389,-0.392328,0.206313,0.575369
990,23.742010,-15.787182,3.184038,0.896389,-0.392328,0.206313,56.157568
991,23.959469,-15.365033,2.533268,0.896389,-0.392328,0.206313,41.324837
992,23.125187,-14.087242,5.014898,0.904091,-0.370721,0.212568,58.345418
993,23.728270,-13.442748,4.995779,0.923428,-0.332600,0.191462,76.506285
994,24.089044,-12.750704,6.809282,0.922762,-0.330880,0.197559,30.446311
995,24.667404,-11.476127,6.455306,0.922707,-0.320162,0.214729,23.168129
996,24.173696,-10.764320,7.099858,0.923064,-0.316690,0.218314,25.289860
997,24.755584,-9.843839,7.450626,0.920538,-0.311439,0.235830,61.153003
998,25.020550,-9.026237,7.744055,0.915225,-0.314790,0.251535,58.724967
999,25.366217,-8.091987,8.088634,0.926511,-0.283155,0.247791,27.436469
1000,25.579391,-7.169810,8.453582,0.902839,-0.296311,0.311578,44.904384
1001,25.799802,-6.258029,8.813100,0.901280,-0.273499,0.335994,14.834169
1002,25.948026,-5.356642,9.172614,0.890580,-0.264269,0.370174,21.025831
1003,26.089948,-4.452220,9.499825,0.878336,-0.244574,0.410743,49.633920
1004,26.179839,-3.530609,9.823271,0.873476,-0.211632,0.438466,51.408554
1005,26.232163,-2.581217,10.206798,0.879879,-0.192839,0.434311,55.791073
1006,26.303606,-1.655383,10.486277,0.889515,-0.157065,0.429061,21.237763
1007,26.346919,-0.733442,10.811551,0.900713,-0.122656,0.416740,21.300075
1008,26.190597,0.223313,11.062621,0.900766,-0.118323,0.417875,57.368505
1009,25.951642,1.168415,11.352174,-0.919846,0.053390,-0.388629,5.859379
1010,25.828779,2.148506,11.581397,-0.934277,0.014518,-0.356252,13.324044
1011,25.792489,3.115405,11.710873,0.948918,0.009235,0.315386,28.121436
1012,25.591634,4.095537,11.970278,-0.953901,-0.001152,-0.300121,35.957910
1013,24.801914,4.990044,12.379369,-0.956718,-0.024976,-0.289942,57.460999
1014,25.699264,5.934532,12.696369,0.971611,0.058350,0.229274,61.977492
1015,25.023940,7.003524,12.136082,0.975581,0.095348,0.197866,12.014278
1016,24.848948,7.951909,12.075802,0.977533,0.114692,0.176846,8.954671
1017,24.695051,8.956537,11.823316,0.980180,0.152086,0.126954,9.122102
1018,25.002273,9.926980,11.413763,0.979757,0.164533,0.114042,7.994533
1019,24.415746,10.872754,11.258885,0.973694,0.197991,0.112782,8.258194
1020,24.533886,11.772204,11.525003,0.963802,0.234958,0.126019,78.247838
1021,23.420503,12.855713,12.380634,-0.926669,-0.315296,-0.204629,80.633358
1022,24.564166,13.722323,12.159240,0.917951,0.336031,0.210829,35.485493
1023,14.396349,14.570308,12.625243,-0.686735,-0.589706,-0.425020,34.263205
1024,23.704158,15.349112,10.351022,-0.738956,-0.493206,-0.459011,44.435833
1025,23.165112,16.229314,8.988972,0.788458,0.470949,0.395653,32.293530
1026,22.861320,17.071115,8.666198,0.775634,0.499280,0.386151,16.733272
1027,22.486535,18.004698,8.300508,0.809437,0.492634,0.319569,22.451600
1028,22.125777,18.852665,7.929350,0.825470,0.482374,0.293113,13.044535
1029,21.819170,19.767245,7.555414,0.839754,0.482368,0.249268,47.487132
1030,21.421258,20.549567,7.267875,0.857403,0.485721,0.170103,22.182351
1031,20.989554,21.425369,6.964202,0.851508,0.492099,0.181031,32.060919
1032,20.690351,22.313376,6.667972,0.847228,0.498276,0.184187,32.402620
1033,20.277427,23.062767,6.421387,-0.844653,-0.501881,-0.186217,47.818846
1034,19.709692,24.131550,6.097860,-0.832075,-0.522441,-0.186299,40.704165
1035,19.281729,24.813383,5.896707,-0.827850,-0.530351,-0.182737,14.824841
1036,18.768175,25.643260,5.670529,-0.820155,-0.543776,-0.177917,17.213258
1037,18.276620,26.483218,5.483597,-0.812910,-0.557221,-0.169355,12.273401
1038,17.757130,27.300033,5.402840,-0.805172,-0.570557,-0.161751,15.452458
1039,17.180098,28.131700,5.319774,-0.801078,-0.580723,-0.145034,18.243250
1040,16.603725,28.937958,5.272715,-0.792271,-0.592884,-0.144203,16.941804
1041,16.037783,29.733566,5.252004,-0.783275,-0.606651,-0.135846,15.853022
1042,15.439755,30.467794,5.235152,-0.733904,-0.624214,-0.267846,31.043410
1043,14.717723,31.414358,5.274067,-0.716812,-0.628774,-0.301372,38.351909
1044,14.192808,32.033239,5.262916,-0.715143,-0.626590,-0.309769,42.517082
1045,13.578341,32.821476,5.393427,0.700721,0.648047,0.298371,36.771886
1046,12.827241,33.535949,5.481485,0.716113,0.626277,0.308155,18.351686
1047,12.084004,34.519878,6.332075,0.724672,0.599109,0.340468,39.493482
1048,11.374420,34.932662,5.645835,0.728007,0.625417,0.280820,18.579979
1049,10.684581,35.611036,5.775261,0.736765,0.599046,0.313563,15.427240
1050,10.018735,36.176842,5.778292,-0.722779,-0.597847,-0.346656,29.965723
1051,9.182495,37.065895,6.057791,0.638227,0.580719,0.505402,35.391276
1052,8.224485,37.620039,6.428186,0.633587,0.593610,0.496180,31.804786
1053,7.956957,38.399719,5.991134,-0.638852,-0.609493,-0.469453,18.511397
1054,7.343186,39.171712,5.846356,0.643173,0.628977,0.436712,33.191428
1055,6.821354,39.963984,5.747352,0.662897,0.643381,0.382922,47.079429
1056,6.278587,40.778330,5.465818,0.658090,0.664675,0.353730,40.116105
1057,5.820485,41.500602,5.174549,0.638675,0.691995,0.336508,36.465634
1058,5.240998,42.334536,4.717612,0.612326,0.733567,0.294850,13.733868
1059,4.785583,43.099306,4.201430,0.563370,0.776892,0.281164,38.533228
1060,4.403995,43.682339,3.619806,0.546080,0.808177,0.220561,26.514590
1061,4.174033,44.145342,2.808335,0.565620,0.812451,0.141408,24.538326
1062,4.015453,44.423204,1.725884,0.520757,0.850386,0.075197,80.179238
1063,4.099907,44.438763,0.765346,0.534453,0.844851,0.024207,38.825672
1064,4.327573,44.221851,-0.163152,0.530665,0.846109,-0.049952,40.932349
1065,4.624180,43.753755,-0.982655,0.574931,0.813387,-0.088638,39.841953
1066,5.112785,43.213878,-1.481615,0.612869,0.777894,-0.138825,35.782645
1067,5.448639,42.624993,-1.639455,-0.635091,-0.741857,0.215189,25.962742
1068,6.338461,41.641668,-2.171404,0.709316,0.678655,-0.190521,49.677018
1069,6.899437,40.891429,-2.274167,-0.723527,-0.652282,0.225911,43.668227
1070,7.863919,39.980233,-2.527707,-0.712231,-0.614121,0.339974,88.179008
1071,8.080337,39.345766,-2.375543,-0.715645,-0.600106,0.357386,36.242187
1072,8.683688,38.476973,-2.332950,-0.723612,-0.577939,0.377322,37.683634
1073,9.296608,37.777771,-2.122949,-0.734817,-0.561897,0.379889,19.689996
1074,9.944551,37.148098,-1.892982,-0.779689,-0.580374,0.235055,17.152539
1075,10.644061,36.368029,-1.504138,-0.762619,-0.634910,0.123696,35.726959
1076,11.250611,35.739279,-1.186838,-0.743679,-0.659544,0.109281,26.027518
1077,11.899926,35.075618,-0.833254,-0.715352,-0.696670,0.054047,30.569731
1078,12.552006,34.397040,-0.468537,-0.717963,-0.696057,-0.005841,31.067364
1079,13.244305,33.756886,-0.164852,0.735632,0.673651,0.070999,20.067237
1080,13.860440,33.054051,0.159520,-0.738736,-0.670454,-0.068996,35.844951
1081,14.483008,32.348642,0.459248,-0.748162,-0.659936,-0.068833,32.934571
1082,15.053267,31.628762,0.754433,0.759021,0.647320,0.069736,26.631690
1083,15.748709,30.836960,0.980886,0.769154,0.634783,0.073841,23.689251
1084,16.373638,29.991465,1.214752,0.779137,0.621668,0.080462,31.337457
1085,16.930925,29.295031,1.336621,0.786206,0.610827,0.093657,25.690657
1086,17.537069,28.512062,1.458117,0.795316,0.597125,0.104468,33.221758
1087,18.117403,27.737177,1.516672,0.800182,0.587396,0.121143,30.206304
1088,18.767233,26.926006,1.488703,0.809535,0.575012,0.118387,17.417597
1089,19.323029,26.096077,1.470942,0.818395,0.560047,0.128755,15.379268
1090,19.872650,25.273425,1.422802,0.827291,0.544774,0.137153,15.204873
1091,20.397382,24.519906,1.363996,0.836274,0.529283,0.143193,21.559654
1092,20.981286,23.662649,1.223628,0.845031,0.513504,0.149117,13.214553
1093,21.558540,22.756863,1.021135,0.853984,0.497312,0.152947,26.504905
1094,21.971965,22.003480,0.898099,0.859026,0.490577,0.146314,12.985582
1095,22.482430,21.157946,0.688576,0.870799,0.470930,0.141189,23.372224
1096,22.959702,20.318786,0.481431,0.879545,0.453446,0.144176,19.041933
1097,23.417031,19.450736,0.249932,0.888232,0.435508,0.146206,17.405470
1098,23.832420,18.629324,0.000000,0.894453,0.422133,0.147508,15.168087
1099,24.270796,17.780610,-0.281487,0.900351,0.411028,0.142914,31.323477
1100,24.689876,16.917655,-0.584698,0.919993,0.374887,0.114339,13.656488
1101,25.083507,16.060564,-0.936086,0.923295,0.367046,0.113156,16.914002
1102,25.454320,15.226341,-1.289599,0.925853,0.351900,0.137701,24.235560
1103,25.831978,14.357147,-1.682467,0.937744,0.319612,0.135957,28.557399
1104,26.099874,13.734384,-1.967849,0.945571,0.288783,0.150001,50.395299
1105,26.543357,12.595441,-2.538773,0.955572,0.249072,0.157627,39.856709
1106,26.770701,11.866703,-2.941020,0.958265,0.239333,0.156356,28.072507
1107,27.085967,11.046968,-3.285756,0.967737,0.200796,0.152202,40.232001
1108,27.241961,10.044692,-3.705163,-0.974510,-0.174289,-0.141254,43.946425
1109,25.586484,8.962280,-7.542262,0.993296,0.115598,-0.000859,37.271170
1110,27.759873,8.176452,-3.841305,-0.984870,-0.132583,-0.111596,30.677181
1111,28.056364,6.947699,-3.625063,0.994267,0.083080,0.067312,53.617272
1112,29.930035,6.221536,-4.820776,0.999790,0.009661,0.018051,39.259132
1113,28.294814,5.168534,-3.596412,-0.999850,-0.017075,-0.002788,44.160934
1114,28.071309,4.058654,-3.981072,-0.993255,0.026850,0.112798,82.598497
1115,28.369031,3.243110,-3.335806,0.989131,-0.058624,-0.134843,44.435106
1116,28.395413,2.316674,-3.093064,-0.978100,0.096972,0.184165,45.809949
1117,28.335970,1.415149,-2.818562,-0.972008,0.130302,0.195504,36.405500
1118,28.300928,0.591302,-2.484529,-0.962782,0.165539,0.213654,44.024230
1119,28.284709,-0.361058,-2.103021,0.959622,-0.170858,-0.223456,24.067154
1120,28.256893,-1.267795,-1.642060,0.952021,-0.203599,-0.228480,22.472306
1121,28.175280,-2.117310,-1.253829,0.949160,-0.211539,-0.233125,27.758058
1122,28.077297,-3.032870,-0.853903,0.944357,-0.227459,-0.237596,22.966706
1123,27.995285,-3.936273,-0.333930,0.963014,-0.230165,-0.140101,17.467760
1124,27.822344,-4.800316,-0.043416,0.968647,-0.238923,-0.068103,25.956330
1125,27.580768,-5.732599,0.147669,0.966106,-0.257861,-0.012126,16.220216
1126,27.401402,-6.675267,0.548607,0.964124,-0.202348,0.171814,21.464624
1127,27.114931,-7.577382,0.921075,0.950852,-0.253552,0.177739,15.041353
1128,26.948459,-8.416787,1.551976,0.945124,-0.269794,0.184262,51.420446
1129,26.770695,-9.328730,1.990012,0.936948,-0.295100,0.187202,43.502332
1130,26.406678,-10.170636,1.912155,0.930599,-0.307956,0.197859,31.949251
1131,26.131602,-11.059885,2.367133,0.913432,-0.347065,0.212576,39.006777
1132,25.724152,-11.920102,2.607000,0.918576,-0.341189,0.199518,40.693527
1133,25.251483,-12.778676,2.820208,0.924955,-0.333539,0.182234,47.011378
1134,24.811998,-13.555981,3.006596,0.924955,-0.333539,0.182234,46.283827
1135,24.357746,-14.378575,3.223702,0.915884,-0.350306,0.196066,44.336949
1136,23.972519,-15.049243,3.393904,0.896389,-0.392328,0.206313,66.724817
1137,23.058475,-16.010400,2.740684,0.896389,-0.392328,0.206313,12.664398
1138,23.277395,-16.696732,3.504009,0.896389,-0.392328,0.206313,52.809058
1139,22.030600,-17.646440,2.254629,0.888312,-0.455299,-0.060033,34.533548
1156,9.978321,-26.573454,-6.169464,0.788655,-0.531160,0.309665,37.055432
1158,5.300558,-25.985472,4.459016,0.276508,-0.954949,-0.107778,19.232257
1159,5.017982,-26.023785,4.442845,0.276508,-0.954949,-0.107778,21.320385
1160,4.925518,-25.979742,3.214430,0.119164,-0.992749,0.015816,46.270589
1161,2.688439,-27.561237,3.067835,0.092837,0.825785,0.556292,24.719284
1162,5.971059,-27.318659,3.003521,-0.463917,-0.812677,0.352616,20.817589
1163,5.985578,-28.377901,3.279497,0.496241,-0.822744,0.277196,4.308238
1164,1.938374,-28.535821,5.104928,0.247836,0.957715,0.146150,27.468251
1165,3.662555,-29.528958,4.179649,0.151480,0.221959,0.963217,52.537111
1166,4.822789,-29.482723,3.077035,0.650757,0.565177,0.507041,28.789126
1167,3.158296,-28.461018,3.976553,0.179374,0.311408,0.933194,90.800598
1168,6.166580,-28.315415,1.489440,-0.568353,-0.819286,0.075802,24.603873
1169,5.504125,-27.660523,0.846388,0.465888,0.878136,0.108748,57.672403
1170,4.821494,-27.218407,0.422640,-0.407859,-0.908342,-0.092550,50.100947
1171,3.993121,-26.695432,1.340550,-0.301659,-0.951896,0.053819,51.951313
1172,3.741996,-26.191854,2.259302,-0.017209,-0.995206,0.096277,43.824759
1173,4.255378,-26.181329,2.588552,0.110947,-0.987083,0.115574,39.114780
1174,4.640687,-26.076509,3.154512,0.119164,-0.992749,0.015816,30.870585
1175,5.236721,-25.954239,4.556958,0.276508,-0.954949,-0.107778,47.339968
1176,7.001483,-25.956975,3.914540,-0.347538,-0.817700,0.458895,89.436637
1177,10.013944,-26.668950,-6.267545,0.788655,-0.531160,0.309665,20.729900
1178,7.506765,-25.493075,8.474544,-0.816085,0.310038,0.487732,3.805450
1179,8.312759,-25.632781,6.769262,-0.495791,-0.588827,0.638337,35.221720
1181,19.520757,-21.675981,5.110502,0.603291,-0.773374,0.194765,0.436114
1182,19.793906,-21.315694,5.607699,0.642943,-0.714065,0.277013,32.193032
1183,20.404265,-20.698377,5.943590,0.783764,-0.440078,0.438229,60.684552
1185,22.335633,-19.038061,6.452870,0.785853,-0.405680,0.466754,39.122081
1186,23.056415,-18.323648,6.775796,0.794877,-0.401622,0.454829,50.013379
1187,23.610827,-17.726120,7.114010,0.816530,-0.392779,0.423088,88.873416
1189,15.367585,-20.482046,11.270798,0.560025,-0.737272,0.377892,21.804300
1190,15.865025,-19.736500,11.807465,0.589212,-0.655465,0.472436,23.542508
1191,16.266747,-19.115892,12.283386,0.611277,-0.585758,0.532192,17.958330
1192,17.325440,-18.409733,13.435447,0.584469,-0.555905,0.591072,2.437224
1193,16.502865,-17.456827,12.710221,0.584469,-0.555905,0.591072,25.473186
1194,17.438039,-16.373999,13.541048,0.580203,-0.536875,0.612478,20.243981
1195,18.528398,-15.542018,14.463573,0.632109,-0.518416,0.575919,19.048933
1196,18.635483,-14.879112,14.366304,0.607071,-0.549123,0.574395,35.616765
1197,18.757930,-14.114773,14.427711,0.611511,-0.529949,0.587544,21.325148
1198,19.150561,-13.224132,14.721674,0.719469,-0.469083,0.512177,44.724021
1199,19.623633,-12.339693,15.259887,0.767812,-0.419522,0.484217,19.945622
1200,19.913627,-11.476580,15.459908,0.785975,-0.410706,0.462129,20.588408
1201,20.067645,-10.585418,15.502835,0.794155,-0.389427,0.466546,40.597906
1202,20.341702,-9.778645,15.739238,0.802222,-0.369970,0.468575,33.105745
1203,20.689084,-8.728217,15.970350,0.812741,-0.341256,0.472226,41.626250
1204,20.945394,-7.794180,16.218785,0.810854,-0.338336,0.477541,40.317614
1205,21.421605,-6.880481,16.625479,0.815359,-0.310837,0.488436,28.961378
1206,21.636618,-5.971871,16.726554,0.822734,-0.297880,0.484125,24.022405
1207,21.682988,-4.915435,16.537407,0.829734,-0.278944,0.483459,30.168835
1208,21.900870,-4.031656,16.681081,0.837477,-0.261218,0.479996,26.170297
1209,22.264492,-3.123781,16.926953,0.845383,-0.248080,0.473057,17.207220
1210,22.368215,-2.124568,16.756757,0.861147,-0.220295,0.458144,31.443232
1211,22.607441,-1.149356,16.799628,0.867483,-0.197647,0.456518,30.232224
1212,22.840965,-0.213712,16.901675,0.877405,-0.193960,0.438795,25.645077
1213,23.127190,0.778165,17.093148,0.893224,-0.179628,0.412172,23.842575
1214,23.354479,1.681843,17.178103,0.909488,-0.168599,0.380007,20.010638
1215,23.588053,2.637292,17.266006,0.925189,-0.144981,0.350722,18.611455
1216,23.815222,3.622897,17.323131,0.926410,-0.126831,0.354512,7.660068
1217,23.983883,4.342755,17.362006,0.939183,-0.095912,0.329753,23.108854
1218,24.307284,5.835797,17.404933,0.956295,-0.036823,0.290075,0.016124
1219,24.175096,6.562373,17.515963,0.970720,0.014298,0.239787,63.386064
1220,24.041545,7.247136,17.669130,0.963162,0.070523,0.259509,25.951114
1221,24.434290,8.160929,18.648779,0.953419,0.123749,0.275096,61.039787
1222,24.143140,9.029929,19.036649,0.938500,0.169631,0.300737,25.573888
1223,23.928859,9.792645,19.600073,0.897540,0.309278,0.314275,41.215830
1224,23.204689,10.572678,19.360151,0.897540,0.309278,0.314275,14.034584
1225,22.834289,11.236404,20.335184,0.844265,0.450265,0.290650,40.311296
1226,22.208732,11.909343,20.596120,0.824547,0.488002,0.286315,58.680061
1227,21.456528,12.524688,20.689374,0.768957,0.573000,0.283507,53.925528
1228,23.563730,13.221642,19.508064,-0.785155,-0.560471,-0.263445,44.700081
1229,19.958920,13.588456,20.517900,0.744759,0.652826,0.138393,55.827825
1230,19.449143,13.885896,20.488023,0.722598,0.666711,0.182616,10.285632
1231,18.241810,14.690406,19.259382,0.741400,0.663250,0.102109,45.109354
1232,17.525003,15.300003,18.968948,-0.737766,-0.663944,-0.121986,56.549159
1233,17.217976,15.875108,18.545075,-0.734675,-0.661459,-0.150743,40.477722
1234,16.368791,16.552267,18.148131,-0.732332,-0.160225,0.661829,26.211672
1235,16.524858,17.286582,17.762459,-0.730893,-0.086779,0.676953,25.116146
1236,15.611585,18.101271,17.178476,-0.854172,-0.180392,0.487698,91.183065
1237,15.707372,18.844192,16.866418,-0.881855,-0.199549,0.427213,26.866888
1238,15.180691,19.725467,16.229492,-0.895990,-0.216341,0.387812,17.171298
1239,14.774838,20.562359,16.034341,-0.910741,-0.245822,0.331848,47.258624
1240,14.505479,21.462896,15.609539,-0.911654,-0.248471,0.327337,43.458783
1241,14.207709,22.313077,15.259355,-0.703465,-0.536700,-0.465930,41.971158
1242,13.913175,23.176150,14.761828,-0.676775,-0.545192,-0.494713,14.495790
1243,13.631566,23.993602,14.510292,-0.668713,-0.543705,-0.507156,47.525536
1244,13.055336,24.876652,14.193156,-0.566612,-0.550049,-0.613512,67.546556
1245,12.542179,25.855089,13.399740,-0.476090,-0.541758,-0.692702,45.567227
1246,12.407598,26.533593,13.287413,-0.425462,-0.534011,-0.730627,38.593962
1247,12.197091,27.429619,14.101820,-0.368828,-0.526993,-0.765666,54.070669
1248,11.036583,28.013002,12.489929,-0.325147,-0.512816,-0.794543,54.606418
1249,10.124340,28.707732,12.846927,-0.305422,-0.504758,-0.807426,41.850970
1250,9.429857,29.297573,12.740048,-0.286565,-0.500957,-0.816654,33.902837
1251,8.579069,29.842937,12.603530,-0.272770,-0.497733,-0.823322,29.414789
1252,7.717622,30.332298,12.581911,-0.255821,-0.496618,-0.829413,33.261213
1253,6.829941,30.735809,12.571301,-0.245353,-0.501139,-0.829856,31.074060
1254,6.000368,31.070749,12.567272,-0.237364,-0.502375,-0.831431,26.119586
1255,4.774165,31.392938,12.715565,-0.238346,-0.477366,-0.845762,43.548716
1256,3.961989,31.546617,12.793178,-0.231838,-0.480459,-0.845819,28.851059
1257,2.977025,31.625493,12.991779,0.203217,0.516415,0.831877,32.907051
1258,2.042326,31.636606,13.208288,0.189440,0.492931,0.849195,34.640222
1259,1.056282,31.544117,13.498906,0.169951,0.469822,0.866247,32.761525
1260,0.242927,31.422464,13.753410,0.167603,0.474962,0.863898,32.247028
1261,-0.865906,31.111795,14.113085,0.159862,0.476035,0.864775,31.232623
1262,-1.679636,30.716582,14.533877,0.153816,0.469808,0.869265,25.474668
1263,-2.388325,30.231284,14.933052,0.153816,0.469808,0.869265,19.025365
1264,-3.150171,29.698134,15.311461,-0.141575,-0.459218,-0.876969,29.892382
1265,-3.764885,29.125258,15.803439,-0.134840,-0.454737,-0.880359,39.440589
1266,-4.183145,28.374902,16.152190,-0.124583,-0.452598,-0.882969,34.192687
1267,-5.029914,27.701473,16.757205,-0.100426,-0.467653,-0.878189,30.258998
1268,-5.287011,26.942213,17.362302,0.008112,-0.491067,-0.871084,48.300599
1269,-5.535010,26.128160,17.888467,0.197452,-0.528400,-0.825715,23.930830
1270,-5.676908,25.433248,18.331333,0.361604,-0.537231,-0.761988,29.479746
1271,-5.919661,24.397657,18.958626,0.637418,-0.497567,-0.588324,13.737640
1272,-6.019841,23.593653,19.445388,0.680850,-0.479803,-0.553383,27.711882
1273,-6.165498,22.738704,19.895814,0.678782,-0.481271,-0.554646,26.151884
1274,-6.265189,21.861561,20.388549,0.697825,-0.469015,-0.541355,29.040937
1275,-6.386675,21.002847,20.857195,0.709704,-0.470954,-0.523948,24.917363
1276,-6.509616,20.172287,21.328038,0.715020,-0.475987,-0.512038,29.734610
1277,-6.643878,19.287594,21.834138,0.730470,-0.478314,-0.487472,35.930864
1278,-6.852678,18.498496,22.220309,0.745778,-0.483548,-0.458254,33.606046
1279,-6.990021,17.653134,22.856345,0.720924,-0.523584,-0.454014,39.292722
1280,-7.186416,16.815552,23.367687,0.621685,-0.581511,-0.524741,13.192111
1281,-7.433504,15.997134,23.899300,-0.493656,0.631156,0.598286,19.511710
1282,-7.757840,15.269688,24.383008,-0.514442,0.629825,0.581954,11.365180
1283,-8.172476,14.532196,24.861749,0.663703,-0.586219,-0.464592,28.296182
1284,-8.549011,13.905254,25.391415,0.729514,-0.560234,-0.392360,64.420933
1285,-8.369814,13.214843,26.710931,-0.798585,0.526487,0.291674,60.477081
1286,-9.074329,12.662850,27.241666,-0.889299,0.446537,0.098756,37.787150
1287,-9.657341,12.137928,27.733628,-0.696322,0.531437,0.482401,26.194016
1288,-10.348792,11.558446,28.130123,-0.688297,0.499663,0.525913,38.542167
1289,-11.019710,10.940240,28.345408,-0.653342,0.468261,0.594875,19.499813
1290,-11.713680,10.261290,28.407886,-0.670803,0.383697,0.634665,33.535604
1291,-12.321003,9.552532,28.234172,-0.682971,0.297548,0.667095,38.585891
1292,-13.841447,8.796391,27.471399,-0.700937,0.248212,0.668639,134.544510
1293,-13.033086,7.920272,27.496664,-0.690217,0.113736,0.714608,32.856596
1294,-12.881483,7.111821,26.953936,-0.690217,0.113736,0.714608,15.452343
1295,-13.641394,6.315525,26.253110,-0.708824,-0.004775,0.705369,13.453786
1296,-13.729650,5.499263,25.901696,-0.727815,-0.039002,0.684664,14.849337
1297,-13.617072,4.583175,25.685816,-0.719646,-0.101250,0.686919,10.351949
1298,-13.118388,3.424187,25.708289,-0.708991,-0.179953,0.681871,23.229242
1299,-13.101814,2.601145,25.667436,-0.689227,-0.212117,0.692801,49.464753
1300,-12.810169,1.617744,25.482403,-0.691268,-0.221421,0.687838,18.767523
1301,-12.490727,0.686391,25.313982,-0.662705,-0.225188,0.714221,20.980019
1302,-12.401785,-0.271619,25.187057,-0.650114,-0.222124,0.726645,48.940957
1303,-12.150067,-1.224011,25.014304,-0.638299,-0.229345,0.734830,44.481968
1304,-11.946796,-2.129171,24.870427,-0.631520,-0.242798,0.736363,45.687505
1305,-11.693040,-3.094211,24.687531,-0.622816,-0.253408,0.740193,27.867005
1306,-11.437858,-4.025912,24.554397,-0.599635,-0.293745,0.744414,51.399781
1307,-11.234513,-4.984885,24.280545,-0.590436,-0.307436,0.746236,48.903810
1308,-10.977437,-5.837329,24.087926,-0.581228,-0.314757,0.750401,39.867958
1309,-10.805599,-6.448949,24.451165,-0.573984,-0.325238,0.751507,53.886840
1310,-17.984834,-3.700042,19.286556,-0.637310,-0.243778,0.731032,72.198757
1311,-17.925675,-4.340726,19.056694,-0.641097,-0.248814,0.726007,76.968022
1312,-10.675456,-9.600621,23.653355,-0.572800,-0.348358,0.741989,46.541722
1313,-9.859485,-10.356248,22.943587,-0.562068,-0.391152,0.728753,38.963183
1314,-9.456017,-11.476809,22.257180,-0.547603,-0.430769,0.717335,51.221575
1315,-9.299727,-12.264964,22.069339,-0.542957,-0.454471,0.706154,18.560327
1316,-9.091690,-13.071222,21.760710,-0.511826,-0.504927,0.695042,43.133474
1317,-8.900992,-13.633500,21.586681,-0.483045,-0.532101,0.695368,24.676406
1319,-8.782068,-16.669536,20.588284,-0.550357,-0.579966,0.600622,41.824129
1320,-8.626649,-16.167273,20.691615,-0.508941,-0.584829,0.631628,33.444161
1321,-7.964324,-16.765036,20.768727,-0.678283,-0.538233,0.500237,82.331591
1323,-7.235955,-19.061915,18.047598,-0.652160,-0.608258,0.452448,53.144379
1324,-7.210015,-19.483943,18.418145,-0.771935,-0.554448,0.310973,31.065108
1325,-6.962434,-20.190446,17.544888,-0.783929,-0.574894,0.234417,12.904494
1326,-6.704756,-20.794114,17.002678,-0.769094,-0.613952,0.177644,19.440313
1327,-6.448402,-21.429533,16.241443,-0.645519,-0.734091,0.210749,30.781164
1328,-6.144085,-22.119252,15.594112,-0.738713,-0.673908,0.012327,16.134502
1329,-6.028723,-22.408345,15.338984,-0.738713,-0.673908,0.012327,28.330613
1330,-14.223149,-21.441131,10.624545,-0.576606,-0.793079,0.196346,74.832779
1331,-27.417346,-22.726619,-2.032790,0.438800,0.311054,-0.843030,66.626303
1333,-12.937294,-22.947562,8.690628,-0.477029,-0.844921,0.241976,46.518145
1334,-7.513744,-23.745950,11.509116,-0.343503,-0.873083,0.346023,2.338160
1335,-7.126723,-25.672257,6.988613,-0.408434,-0.880064,0.242216,40.411756
1336,-2.206378,-26.143205,7.964278,-0.055115,-0.938231,0.341592,29.701145
1337,-2.275817,-26.299582,7.426653,-0.065951,-0.955074,0.288936,16.547554
1338,-1.953738,-26.572144,6.603185,-0.028559,-0.966463,0.255215,25.795849
1339,-1.389191,-26.837698,5.760861,0.055879,-0.969505,0.238615,40.360164
1340,-1.059825,-27.111567,5.040865,-0.014659,-0.973445,0.228452,52.024901
1341,-0.586841,-27.114929,3.860056,-0.011601,-0.986195,0.165180,39.271023
1342,-0.159901,-27.340607,2.891736,0.007943,-0.994003,0.109068,7.598060
1343,-1.780376,-27.492132,3.307438,-0.071046,-0.977147,0.200341,37.368972
1344,-1.342284,-28.077820,2.877629,0.056219,0.980006,-0.190859,46.665309
1345,0.828418,-27.763048,2.445500,-0.169081,0.985311,0.023955,66.696978
1346,5.020723,-29.102841,1.587076,-0.587450,-0.759251,-0.280071,31.949287
1347,0.707462,-26.605952,5.094443,0.033509,-0.973653,0.225560,32.338636
1348,-1.104644,-27.796064,-2.532734,-0.055279,-0.990893,-0.122781,95.926303
1349,3.060300,-27.432635,1.957004,0.093246,-0.995555,0.013257,32.199045
1350,3.262790,-27.775129,2.211351,0.622074,0.682659,0.383406,71.353860
1351,3.948856,-27.188351,3.373918,-0.557436,0.325850,0.763601,41.096402
1352,3.813347,-26.155234,2.608694,0.200250,-0.979319,0.028873,44.848815
1353,3.711392,-26.185383,2.178932,-0.017209,-0.995206,0.096277,86.020857
1354,3.460645,-26.506873,2.992548,0.378230,-0.917772,-0.120986,42.429357
1355,2.646027,-27.002357,2.996524,0.204329,-0.973328,-0.104315,31.650706
1356,2.649776,-27.250432,3.439013,-0.171420,0.936270,0.306616,15.998070
1357,3.310105,-27.559354,3.923439,-0.350056,0.511978,0.784436,11.047451
1358,4.151405,-27.208261,4.825465,-0.525282,0.381643,0.760544,19.561609
1359,5.005614,-26.842875,4.869128,-0.592878,0.106278,0.798249,17.989702
1360,5.721145,-26.408330,5.484446,-0.623996,0.662620,0.414201,35.413674
1361,6.322200,-26.088414,6.046472,-0.646207,0.639658,0.416237,34.668304
1362,6.901713,-25.794404,6.715159,-0.772004,0.413757,0.482509,34.606607
1363,7.601260,-25.438800,7.397754,-0.341617,-0.712734,0.612624,41.405202
1364,8.312841,-25.137244,8.055072,-0.467637,-0.563676,0.680871,27.488910
1365,9.025578,-24.971409,8.672528,-0.715172,-0.245208,0.654524,10.247853
1366,8.897830,-23.455070,9.297260,-0.741934,-0.065385,0.667278,21.710790
1367,9.775536,-23.158415,10.182702,-0.777211,0.216477,0.590831,31.744862
1368,10.033997,-22.743702,11.410208,-0.739826,0.294808,0.604769,7.738556
1369,9.794947,-22.088640,11.466666,-0.739826,0.294808,0.604769,18.999174
1370,11.432975,-21.020810,13.402945,-0.672563,0.296985,0.677834,82.596418
1371,11.426831,-20.568138,12.553910,-0.686712,0.310627,0.657220,17.576553
1372,10.336290,-19.487639,12.423646,-0.695810,0.334411,0.635624,20.921322
1373,10.630837,-18.863136,12.704501,-0.689098,0.325230,0.647587,76.667262
1375,13.972383,-24.738282,15.926069,-0.617658,0.293109,0.729785,22.926890
1376,14.567764,-25.457397,16.393320,-0.594384,0.306649,0.743421,19.406008
1377,15.021471,-26.313153,16.556037,-0.593103,0.308538,0.743662,24.850169
1378,15.825779,-27.143372,17.227740,-0.513472,0.366567,0.775870,9.784988
1379,16.077565,-27.995263,17.271474,-0.473806,0.397577,0.785774,29.543486
1380,16.380750,-28.896192,17.963306,-0.204726,0.590162,0.780894,36.896648
1381,16.641094,-29.502733,18.671582,-0.204726,0.590162,0.780894,16.398463
1382,16.961102,-30.131138,19.150071,0.324092,0.651751,0.685700,2.348957
1383,17.383981,-30.894276,19.579274,0.357422,0.663620,0.657159,21.926711
1384,17.756447,-32.115282,20.648174,0.345464,0.688245,0.637944,16.976059
1385,18.248450,-32.418001,20.570542,0.388332,0.647048,0.656146,2.704034
1386,18.517049,-33.606987,21.899078,0.378311,0.664959,0.643981,21.678491
1387,18.681782,-33.863681,22.103015,0.378311,0.664959,0.643981,45.288000
1388,19.231967,-34.956146,23.363592,0.378311,0.664959,0.643981,60.330697
1389,19.256285,-35.327799,23.598570,0.378311,0.664959,0.643981,15.458313
1390,18.845205,-36.202103,23.519704,0.317259,0.686452,0.654317,13.869251
1391,18.336825,-35.955416,24.643703,0.317259,0.686452,0.654317,16.951783
1392,17.858097,-36.230198,25.482323,0.317259,0.686452,0.654317,15.662408
1393,17.145862,-36.319180,26.039709,0.317259,0.686452,0.654317,36.744248
1394,16.423785,-36.691294,26.806620,0.317259,0.686452,0.654317,4.270290
1395,15.802606,-36.763108,27.239790,0.273736,0.706822,0.652282,15.617382
1399,11.955628,-35.000187,29.893499,0.168292,0.781625,0.600616,13.338843
1400,10.700991,-35.631031,28.417850,0.122248,0.818454,0.561417,63.759808
1401,9.998815,-36.038166,29.109713,0.073594,0.878114,0.472758,42.579559
1402,9.296638,-36.445301,29.801576,0.059220,0.921225,0.384495,21.399309
1403,8.594461,-36.852435,30.493439,0.078072,0.908828,0.409800,0.219059
1404,7.669653,-36.304514,30.736186,0.101256,0.888784,0.447001,6.840912
1405,6.744844,-35.756593,30.978933,0.108096,0.825808,0.553495,13.462765
1406,5.820036,-35.208671,31.221680,0.108096,0.825808,0.553495,20.084618
1410,1.144362,-36.876532,30.548268,0.024685,0.713434,0.700288,23.515194
1411,0.051325,-36.639642,30.855387,-0.013275,0.691000,0.722733,36.274905
1412,-0.543328,-36.651254,30.701297,-0.013275,0.691000,0.722733,33.381995
1413,-1.566147,-36.555192,30.241188,-0.013275,0.691000,0.722733,27.596760
1414,-2.290807,-36.425521,29.845898,-0.013275,0.691000,0.722733,9.043230
1415,-3.589811,-37.053615,28.717821,-0.013275,0.691000,0.722733,14.430115
1416,-3.905551,-36.168998,28.776618,-0.061679,0.683197,0.727625,18.660794
1417,-3.903157,-35.602072,28.783014,-0.061679,0.683197,0.727625,23.423074
1418,-4.029100,-34.702496,27.489635,-0.061679,0.683197,0.727625,11.043953
1419,-4.796488,-34.738823,25.861428,-0.055295,0.686793,0.724746,0.223539
1420,-4.027872,-33.609429,26.879265,-0.055295,0.686793,0.724746,35.134887
1421,-3.723569,-32.184383,25.774680,-0.097884,0.677317,0.729150,18.542754
1422,-3.717452,-31.544437,25.112273,-0.127131,0.676222,0.725646,15.060395
1423,-3.741545,-30.832645,24.360951,-0.071533,0.660886,0.747070,30.191712
1424,-3.701971,-30.084383,23.681042,0.205519,0.673586,0.709960,20.151861
1425,-3.647152,-29.519644,23.176919,0.205519,0.673586,0.709960,55.105814
1426,-4.148483,-28.588346,21.744984,0.726828,0.475232,0.495859,11.050410
1427,-4.071445,-27.766129,21.557977,0.775649,0.444959,0.447638,35.797620
1428,-3.946339,-26.881034,21.043236,0.841995,0.398623,0.363517,13.033812
1429,-3.746237,-26.108464,20.411081,0.852934,0.391913,0.344831,13.278368
1430,-3.538382,-25.381546,19.900417,0.857119,0.406898,0.315882,28.505473
1433,-2.444341,-20.044984,15.984938,0.873175,0.427601,0.233928,13.810123
1434,-2.322928,-20.735814,15.392062,0.873175,0.427601,0.233928,11.698658
1435,-2.713861,-22.233681,15.130972,0.876322,0.429500,0.218150,96.442454
1436,-2.231062,-22.436232,13.536220,-0.664593,-0.745654,0.048119,73.169283
1437,-1.857622,-22.959899,14.386507,0.849196,0.499569,0.171162,49.796238
1438,-1.897227,-23.502703,12.472566,-0.139467,-0.913600,0.381948,32.774977
1439,-1.741765,-24.402064,11.893207,-0.107121,-0.922485,0.370874,32.202495
1440,-1.586304,-25.301425,11.313847,-0.034744,-0.891709,0.451274,31.630014
1441,-1.413517,-25.549814,10.332236,-0.075456,-0.911214,0.404963,5.641567
1442,-0.883142,-25.606044,9.587193,-0.051499,-0.925854,0.374355,6.598326
1443,-0.608655,-25.844213,8.670272,0.079495,-0.929325,0.360604,0.147523
1444,-0.282071,-26.049090,8.070796,0.014190,-0.949954,0.312069,2.476153
1445,-1.093888,-26.549743,6.170239,0.089763,-0.957348,0.274642,3.660606
1446,-0.738922,-26.802020,5.490495,0.037199,-0.961038,0.273900,19.738940
1447,-0.380999,-26.579796,6.211754,0.078782,-0.948200,0.307750,17.536622
1448,-0.023076,-26.357573,6.933012,0.003301,-0.968279,0.249849,15.334303